UniProt ID,Annotations,Aspect
A0A009IHW8,GO:0006807;GO:0044238;GO:0009056;GO:0071704;GO:0009987;GO:0008152;GO:0008150,BPO
A0A021WW32,GO:0065007;GO:0032502;GO:0009987;GO:0008150,BPO
A0A023FFD0,GO:0008150,BPO
A0A023GPJ3,GO:0008150,BPO
A0A023GPK8,GO:0065007;GO:0032502;GO:0008150,BPO
A0A023GQ97,GO:0065007;GO:0050896;GO:0009987;GO:0008150,BPO
A0A023GRW4,GO:0040011;GO:0032502;GO:0065007;GO:0050896;GO:0009987;GO:0008150,BPO
A0A023GUT0,GO:0008150,BPO
A0A023I7E1,GO:0009056;GO:0044238;GO:0071704;GO:0008152,BPO
A0A023IM54,GO:0009987,BPO
A0A023VTS2,GO:0065007;GO:0008150,BPO
A0A024A2C9,GO:0065007;GO:0050896;GO:0008150,BPO
A0A024B5K5,GO:0043473;GO:0032502;GO:0009987,BPO
A0A024B7I3,GO:0032501;GO:0040011;GO:0065007;GO:0051179;GO:0050896;GO:0009987;GO:0008150,BPO
A0A024B7W1,GO:0016032;GO:0065007;GO:0008150,BPO
A0A024CBD6,GO:0006807;GO:0065007;GO:0071704;GO:0008152;GO:0008150,BPO
A0A024DAJ6,GO:0008150,BPO
A0A024DAP6,GO:0008150,BPO
A0A024DB95,GO:0008150,BPO
A0A024RAD5,GO:0009058;GO:0006807;GO:0070085;GO:0071704;GO:0008152;GO:0008150,BPO
A0A026W182,GO:0051703;GO:0050896;GO:0032502;GO:0008150,BPO
A0A031WDE4,GO:0009058;GO:0006807;GO:0044238;GO:0071704;GO:0009987;GO:0008152;GO:0008150,BPO
A0A044RE18,GO:0044238;GO:0071704;GO:0008152;GO:0008150,BPO
A0A059TC02,GO:0048511;GO:0009058;GO:0044238;GO:0019748;GO:0071704;GO:0009987;GO:0008152;GO:0008150,BPO
A0A060A682,GO:0022414;GO:0009987;GO:0000003;GO:0008150,BPO
A0A060D574,GO:0050896,BPO
A0A060D764,GO:0065007;GO:0032502;GO:0008150,BPO
A0A060D9G1,GO:0050896,BPO
A0A060IVL7,GO:0065007;GO:0032502;GO:0008150,BPO
A0A060KY90,GO:0065007;GO:0009987;GO:0008150,BPO
A0A060VMC1,GO:0051179;GO:0009987;GO:0008150,BPO
A0A060VSG9,GO:0044238;GO:0065007;GO:0009056;GO:0071704;GO:0008152,BPO
A0A060VTM4,GO:0008150,BPO
A0A060VUB5,GO:0065007,BPO
A0A060VX13,GO:0050896,BPO
A0A060VX54,GO:0065007,BPO
A0A060VY20,GO:0050896,BPO
A0A060VZM9,GO:0002376;GO:0050896;GO:0008150,BPO
A0A060W032,GO:0065007;GO:0008150,BPO
A0A060W139,GO:0050896;GO:0009987;GO:0008150,BPO
A0A060W1Y7,GO:0009058;GO:0044238;GO:0065007;GO:0071704;GO:0009987;GO:0008152;GO:0008150,BPO
A0A060W590,GO:0051179;GO:0009987;GO:0008150,BPO
A0A060W6G8,GO:0050896;GO:0009987;GO:0008150,BPO
A0A060WBM3,GO:0009058;GO:0044238;GO:0071704;GO:0009987;GO:0008152;GO:0008150,BPO
A0A060WJ53,GO:0065007,BPO
A0A060WM81,GO:0044238;GO:0071704;GO:0009987;GO:0008152;GO:0008150,BPO
A0A060WMK8,GO:0065007,BPO
A0A060WMR1,GO:0065007;GO:0051179;GO:0050896;GO:0009987;GO:0008150,BPO
A0A060WMZ6,GO:0065007;GO:0051179;GO:0050896;GO:0009987;GO:0008150,BPO
A0A060WPC3,GO:0065007,BPO
A0A060WRY3,GO:0065007;GO:0050896;GO:0009987;GO:0008150,BPO
A0A060WT98,GO:0065007;GO:0050896;GO:0009987;GO:0008150,BPO
A0A060WTK5,GO:0032501;GO:0065007;GO:0051179;GO:0009987;GO:0008150,BPO
A0A060WUE4,GO:0065007;GO:0050896;GO:0009987;GO:0008150,BPO
A0A060WYW4,GO:0044238;GO:0065007;GO:0009056;GO:0071704;GO:0008152,BPO
A0A060WZC7,GO:0051179;GO:0009987;GO:0008150,BPO
A0A060WZU7,GO:0065007,BPO
A0A060X010,GO:0065007,BPO
A0A060X5E8,GO:0009058;GO:0006807;GO:0044238;GO:0071704;GO:0009987;GO:0008152;GO:0008150,BPO
A0A060X727,GO:0050896;GO:0009987;GO:0008150,BPO
A0A060X747,GO:0050896,BPO
A0A060X8V7,GO:0065007,BPO
A0A060X9D7,GO:0050896;GO:0009987;GO:0008150,BPO
A0A060XA63,GO:0050896,BPO
A0A060XAF0,GO:0050896,BPO
A0A060XC03,GO:0050896;GO:0009987;GO:0008150,BPO
A0A060XFW6,GO:0050896,BPO
A0A060XK41,GO:0009058;GO:0006807;GO:0044238;GO:0071704;GO:0009987;GO:0008152;GO:0008150,BPO
A0A060XPX2,GO:0050896;GO:0008150,BPO
A0A060XQE7,GO:0050896;GO:0009987,BPO
A0A060XS70,GO:0009058;GO:0006807;GO:0044238;GO:0071704;GO:0009987;GO:0008152;GO:0008150,BPO
A0A060XV00,GO:0050896;GO:0009987;GO:0008150,BPO
A0A060XV60,GO:0050896;GO:0008150,BPO
A0A060XWG0,GO:0065007;GO:0008150,BPO
A0A060XXJ7,GO:0050896;GO:0008150,BPO
A0A060Y126,GO:0050896,BPO
A0A060Y1K1,GO:0050896;GO:0009987;GO:0008150,BPO
A0A060Y1K9,GO:0008150,BPO
A0A060Y1P2,GO:0065007,BPO
A0A060Y3B2,GO:0002376;GO:0050896;GO:0008150,BPO
A0A060Y5I6,GO:0065007,BPO
A0A060Y5T2,GO:0065007,BPO
A0A060Y643,GO:0050896,BPO
A0A060Y644,GO:0050896;GO:0009987;GO:0008150,BPO
A0A060Y6Z6,GO:0050896,BPO
A0A060Y7B7,GO:0050896;GO:0009987;GO:0008150,BPO
A0A060Y7E5,GO:0009987,BPO
A0A060Y8H0,GO:0050896,BPO
A0A060YAF5,GO:0050896,BPO
A0A060YAV5,GO:0050896;GO:0009987;GO:0008150,BPO
A0A060YD78,GO:0065007,BPO
A0A060YDW5,GO:0050896;GO:0009987;GO:0008150,BPO
A0A060YGE9,GO:0050896;GO:0008150,BPO
A0A060YH61,GO:0050896,BPO
A0A060YJC3,GO:0050896,BPO
A0A060YJS0,GO:0050896;GO:0009987;GO:0008150,BPO
A0A060YK73,GO:0050896,BPO
A0A060YLN9,GO:0050896;GO:0009987;GO:0008150,BPO
A0A060YND6,GO:0008150,BPO
A0A060YPY0,GO:0050896;GO:0009987;GO:0008150,BPO
A0A060YQJ4,GO:0008150,BPO
A0A060YRM0,GO:0050896;GO:0009987;GO:0008150,BPO
A0A060YTQ8,GO:0050896;GO:0009987;GO:0008150,BPO
A0A060YX94,GO:0065007,BPO
A0A060Z0U0,GO:0065007,BPO
A0A060ZWP7,GO:0065007,BPO
A0A060ZZG4,GO:0065007;GO:0051179;GO:0050896;GO:0009987;GO:0008150,BPO
A0A061A315,GO:0065007;GO:0051179;GO:0050896;GO:0009987;GO:0008150,BPO
A0A061ACU2,GO:0022414;GO:0065007;GO:0009987;GO:0000003;GO:0008150,BPO
A0A061I403,GO:0006807;GO:0065007;GO:0071704;GO:0008152;GO:0008150,BPO
A0A061IR73,GO:0009987;GO:0008150,BPO
A0A067XH53,GO:0044238;GO:0071704;GO:0009987;GO:0008152;GO:0008150,BPO
A0A067XMV4,GO:0019748;GO:0008152;GO:0008150,BPO
A0A067XR63,GO:0009987,BPO
A0A067YMX8,GO:0032501;GO:0009056;GO:0032502;GO:0022414;GO:0071704;GO:0050896;GO:0009987;GO:0000003;GO:0008152;GO:0008150,BPO
A0A067YRV0,GO:0019953;GO:0032502;GO:0022414;GO:0009987;GO:0000003;GO:0008150,BPO
A0A068BGA5,GO:0032501;GO:0032502;GO:0022414;GO:0071704;GO:0050896;GO:0000003;GO:0008152;GO:0008150,BPO
A0A068BIF1,GO:0032501;GO:0032502;GO:0022414;GO:0071704;GO:0050896;GO:0000003;GO:0008152;GO:0008150,BPO
A0A068C605,GO:0009058;GO:0044238;GO:0071704;GO:0009987;GO:0008152;GO:0008150,BPO
A0A068C8U8,GO:0032502;GO:0000003;GO:0008150,BPO
A0A068C9W5,GO:0009058;GO:0044238;GO:0071704;GO:0009987;GO:0008152;GO:0008150,BPO
A0A068CAR2,GO:0009058;GO:0044238;GO:0071704;GO:0009987;GO:0008152;GO:0008150,BPO
A0A068FR04,GO:0050896;GO:0008150,BPO
A0A068PF27,GO:0050896,BPO
A0A072TH68,GO:0050896;GO:0008150,BPO
A0A072TLV8,GO:0050896,BPO
A0A072U307,GO:0050896;GO:0008150,BPO
A0A072UR65,GO:0006807;GO:0050896;GO:0009056;GO:0071704;GO:0008152;GO:0008150,BPO
A0A072VDF2,GO:0019748;GO:0071704;GO:0009987;GO:0008152;GO:0008150,BPO
A0A072VEP0,GO:0006807;GO:0050896;GO:0009056;GO:0071704;GO:0008152;GO:0008150,BPO
A0A072VHJ1,GO:0050896;GO:0008150,BPO
A0A072VIM5,GO:0032502,BPO
A0A074IWI7,GO:0008150,BPO
A0A075B5Z0,GO:0042592;GO:0008150,BPO
A0A075B6A3,GO:0002376;GO:0050896;GO:0008150,BPO
A0A075BR52,GO:0032502;GO:0009987;GO:0008150,BPO
A0A075F932,GO:0065007;GO:0022414;GO:0000003;GO:0008150,BPO
A0A075FBG7,GO:0009058;GO:0071704;GO:0009987;GO:0008152;GO:0008150,BPO
A0A075QE41,GO:0050896,BPO
A0A075TMP0,GO:0009058;GO:0019748;GO:0071704;GO:0009987;GO:0008152;GO:0008150,BPO
A0A075TMP8,GO:0009058;GO:0019748;GO:0071704;GO:0009987;GO:0008152;GO:0008150,BPO
A0A075TR27,GO:0009058;GO:0019748;GO:0071704;GO:0009987;GO:0008152;GO:0008150,BPO
A0A075TR33,GO:0009058;GO:0019748;GO:0071704;GO:0009987;GO:0008152;GO:0008150,BPO
A0A075TR41,GO:0009058;GO:0019748;GO:0071704;GO:0009987;GO:0008152;GO:0008150,BPO
A0A075TRA9,GO:0009058;GO:0019748;GO:0071704;GO:0009987;GO:0008152;GO:0008150,BPO
A0A075TRB3,GO:0009058;GO:0019748;GO:0071704;GO:0009987;GO:0008152;GO:0008150,BPO
A0A075TRC0,GO:0009058;GO:0019748;GO:0071704;GO:0009987;GO:0008152;GO:0008150,BPO
A0A075TRK9,GO:0009058;GO:0019748;GO:0071704;GO:0009987;GO:0008152;GO:0008150,BPO
A0A075TRL0,GO:0009058;GO:0019748;GO:0071704;GO:0009987;GO:0008152;GO:0008150,BPO
A0A075TRL5,GO:0009058;GO:0019748;GO:0071704;GO:0009987;GO:0008152;GO:0008150,BPO
A0A075TXZ1,GO:0009058;GO:0019748;GO:0071704;GO:0009987;GO:0008152;GO:0008150,BPO
A0A075TXZ8,GO:0008150,BPO
A0A076FFM5,GO:0071704;GO:0008152,BPO
A0A076N1C3,GO:0032502;GO:0009987;GO:0008150,BPO
A0A076N402,GO:0032502;GO:0009987;GO:0008150,BPO
A0A076N8A1,GO:0032502;GO:0009987;GO:0008150,BPO
A0A076N9K1,GO:0032502;GO:0009987;GO:0008150,BPO
A0A076N9K6,GO:0032502;GO:0009987;GO:0008150,BPO
A0A076NBC4,GO:0032502;GO:0009987;GO:0008150,BPO
A0A077K956,GO:0008150,BPO
A0A078CGE6,GO:0006807;GO:0065007;GO:0071704;GO:0009987;GO:0008152;GO:0008150,BPO
A0A086F3E3,GO:0051179;GO:0009987,BPO
A0A087WNQ6,GO:0019953;GO:0032502;GO:0022414;GO:0065007;GO:0009987;GO:0000003;GO:0008150,BPO
A0A087WPF7,GO:0032501;GO:0040007;GO:0065007;GO:0050896;GO:0009987;GO:0008150,BPO
A0A087WPI4,GO:0019953;GO:0032502;GO:0022414;GO:0065007;GO:0009987;GO:0000003;GO:0008150,BPO
A0A087WPU4,GO:0032502;GO:0009987;GO:0008150,BPO
A0A087WRK1,GO:0019953;GO:0032502;GO:0022414;GO:0065007;GO:0009987;GO:0000003;GO:0008150,BPO
A0A087WRT4,GO:0032502;GO:0009987;GO:0008150,BPO
A0A087WSF4,GO:0050896;GO:0009987,BPO
A0A087WSR0,GO:0019953;GO:0032502;GO:0022414;GO:0065007;GO:0009987;GO:0000003;GO:0008150,BPO
A0A087WT01,GO:0002376;GO:0050896;GO:0008150,BPO
A0A087X1C5,GO:0009987;GO:0009056;GO:0050896;GO:0008152,BPO
A0A088FLK9,GO:0009987;GO:0008150,BPO
A0A088MF62,GO:0071704;GO:0008152;GO:0008150,BPO
A0A088MLT8,GO:0032502;GO:0009987;GO:0008150,BPO
A0A089QRB9,GO:0009058;GO:0044238;GO:0071704;GO:0009987;GO:0008152;GO:0008150,BPO
A0A095AMW7,GO:0008152;GO:0008150,BPO
A0A096MIW4,GO:0032502;GO:0065007;GO:0051179;GO:0050896;GO:0008150,BPO
A0A096MIY3,GO:0008150,BPO
A0A096MIY8,GO:0042592,BPO
A0A096MJ06,GO:0050896,BPO
A0A096MJ68,GO:0065007,BPO
A0A096MJ99,GO:0051179;GO:0009987;GO:0008150,BPO
A0A096MJA1,GO:0032502;GO:0008150,BPO
A0A096MJA9,GO:0042592,BPO
A0A096MJE4,GO:0008150,BPO
A0A096MJE9,GO:0050896,BPO
A0A096MJF0,GO:0050896;GO:0008150,BPO
A0A096MJG5,GO:0032501;GO:0006807;GO:0009056;GO:0022414;GO:0071704;GO:0050896;GO:0000003;GO:0008152;GO:0008150,BPO
A0A096MJM7,GO:0032502;GO:0008150,BPO
A0A096MJR8,GO:0050896,BPO
A0A096MJT2,GO:0032502;GO:0008150,BPO
A0A096MJU6,GO:0050896,BPO
A0A096MJV3,GO:0008150,BPO
A0A096MJY1,GO:0065007,BPO
A0A096MJY4,GO:0032501;GO:0042592;GO:0065007;GO:0050896;GO:0009987;GO:0008150,BPO
A0A096MJY6,GO:0009058;GO:0065007;GO:0071704;GO:0009987;GO:0008152;GO:0008150,BPO
A0A096MJZ8,GO:0032501;GO:0019953;GO:0006807;GO:0032502;GO:0022414;GO:0071704;GO:0000003;GO:0008152;GO:0008150,BPO
A0A096MK21,GO:0051179;GO:0009987;GO:0008150,BPO
A0A096MK32,GO:0008150,BPO
A0A096MK39,GO:0008150,BPO
A0A096MK70,GO:0042592,BPO
A0A096MK86,GO:0032501;GO:0006807;GO:0009056;GO:0022414;GO:0071704;GO:0050896;GO:0000003;GO:0008152;GO:0008150,BPO
A0A096MK92,GO:0050896,BPO
A0A096MKA9,GO:0032501;GO:0006807;GO:0065007;GO:0002376;GO:0050896;GO:0009987;GO:0008152;GO:0008150,BPO
A0A096MKE0,GO:0042592,BPO
A0A096MKE9,GO:0006807;GO:0071704;GO:0050896;GO:0009987;GO:0008152;GO:0008150,BPO
A0A096MKF8,GO:0044238;GO:0071704;GO:0008152;GO:0008150,BPO
A0A096MKF9,GO:0002252;GO:0065007;GO:0050896;GO:0002376;GO:0008150,BPO
A0A096P8D3,GO:0006807;GO:0044238;GO:0071704;GO:0009987;GO:0008152;GO:0008150,BPO
A0A096X8J7,GO:0065007,BPO
A0A096XJN4,GO:0009056;GO:0044238;GO:0071704;GO:0008152,BPO
A0A097BW25,GO:0032501;GO:0040007;GO:0065007;GO:0050896;GO:0009987;GO:0008150,BPO
A0A097HUX0,GO:0032502;GO:0009987,BPO
A0A097I5U8,GO:0009058;GO:0044238;GO:0071704;GO:0009987;GO:0008152;GO:0008150,BPO
A0A097PIG6,GO:0008150,BPO
A0A098D6U0,GO:0009058;GO:0016999;GO:0071704;GO:0009987;GO:0008152;GO:0008150,BPO
A0A098D8A0,GO:0009058;GO:0016999;GO:0071704;GO:0009987;GO:0008152;GO:0008150,BPO
A0A0A0LLY1,GO:0051179;GO:0008150,BPO
A0A0A0MP82,GO:0050896,BPO
A0A0A0MQJ7,GO:0051179;GO:0009987;GO:0008150,BPO
A0A0A0PJ25,GO:0009987,BPO
A0A0A0PKY3,GO:0009987,BPO
A0A0A1C3I2,GO:0009058;GO:0071704;GO:0050896;GO:0009987;GO:0008152;GO:0008150,BPO
A0A0A1C930,GO:0009058;GO:0071704;GO:0050896;GO:0009987;GO:0008152;GO:0008150,BPO
A0A0A1CTQ1,GO:0009987,BPO
A0A0A1GKA2,GO:0009058;GO:0042440;GO:0071704;GO:0009987;GO:0008152;GO:0008150,BPO
A0A0A1GNF2,GO:0009058;GO:0042440;GO:0071704;GO:0009987;GO:0008152;GO:0008150,BPO
A0A0A1H8I4,GO:0050896;GO:0009987,BPO
A0A0A6YVQ0,GO:0051179;GO:0009987;GO:0008150,BPO
A0A0A6YVS5,GO:0009987;GO:0008150,BPO
A0A0A6YVT4,GO:0009987;GO:0008150,BPO
A0A0A6YW14,GO:0032501;GO:0050896;GO:0002252;GO:0032502;GO:0065007;GO:0071704;GO:0009987;GO:0002376;GO:0008150,BPO
A0A0A6YW72,GO:0032502;GO:0009987;GO:0008150,BPO
A0A0A6YWE3,GO:0065007;GO:0009987;GO:0008150,BPO
A0A0A6YWM6,GO:0009987;GO:0008150,BPO
A0A0A6YWR3,GO:0065007;GO:0051179;GO:0050896;GO:0008150,BPO
A0A0A6YX79,GO:0009987,BPO
A0A0A6YXD7,GO:0032501;GO:0050896;GO:0002252;GO:0032502;GO:0065007;GO:0071704;GO:0009987;GO:0002376;GO:0008150,BPO
A0A0A6YXJ2,GO:0006807;GO:0044238;GO:0032502;GO:0065007;GO:0071704;GO:0050896;GO:0009987;GO:0008150,BPO
A0A0A6YXW6,GO:0002376;GO:0050896;GO:0008150,BPO
A0A0A6YXZ9,GO:0009987;GO:0008150,BPO
A0A0A6YY25,GO:0032501;GO:0019953;GO:0009058;GO:0044238;GO:0006807;GO:0032502;GO:0022414;GO:0065007;GO:0071704;GO:0009987;GO:0000003;GO:0008150,BPO
A0A0A6YY53,GO:0002252;GO:0050896;GO:0002376;GO:0008150,BPO
A0A0A6YY88,GO:0009987,BPO
A0A0A6YYP6,GO:0065007;GO:0051179;GO:0050896;GO:0008150,BPO
A0A0A6ZFR4,GO:0009058;GO:0044238;GO:0071704;GO:0050896;GO:0009987;GO:0008152;GO:0008150,BPO
A0A0A6ZFY4,GO:0009058;GO:0044238;GO:0071704;GO:0050896;GO:0009987;GO:0008152;GO:0008150,BPO
A0A0A7EPL0,GO:0006807;GO:0065007;GO:0071704;GO:0050896;GO:0008152;GO:0008150,BPO
A0A0A7HG43,GO:0051179,BPO
A0A0A7MA29,GO:0050896;GO:0009987;GO:0008150,BPO
A0A0A8JWS4,GO:0032502;GO:0008150,BPO
A0A0A8P3N1,GO:0002376;GO:0050896;GO:0008150,BPO
A0A0A8RTT8,GO:0044419,BPO
A0A0B4J1A5,GO:0065007;GO:0032502;GO:0009987;GO:0008150,BPO
A0A0B4J1F4,GO:0006807;GO:0051179;GO:0071704;GO:0009987;GO:0008152;GO:0008150,BPO
A0A0B4J1F9,GO:0009987,BPO
A0A0B4J1G0,GO:0032501;GO:0019882;GO:0065007;GO:0051179;GO:0009987;GO:0008150,BPO
A0A0B4J1H2,GO:0050896;GO:0008150,BPO
A0A0B4J1H6,GO:0050896;GO:0008150,BPO
A0A0B4J1N3,GO:0040011;GO:0050896;GO:0009987;GO:0008150,BPO
A0A0B4J2F0,GO:0065007,BPO
A0A0B4J2J0,GO:0050896;GO:0008150,BPO
A0A0B4JCQ4,GO:0019953;GO:0032502;GO:0022414;GO:0065007;GO:0009987;GO:0000003;GO:0008150,BPO
A0A0B4JCQ5,GO:0032501;GO:0009058;GO:0044238;GO:0042592;GO:0032502;GO:0065007;GO:0071704;GO:0050896;GO:0009987;GO:0008150,BPO
A0A0B4JCQ7,GO:0032501;GO:0006807;GO:0040007;GO:0032502;GO:0071704;GO:0050896;GO:0009987;GO:0008152;GO:0008150,BPO
A0A0B4JCS1,GO:0032501;GO:0009058;GO:0044238;GO:0042592;GO:0032502;GO:0065007;GO:0071704;GO:0050896;GO:0009987;GO:0008150,BPO
A0A0B4JCT2,GO:0022414;GO:0065007;GO:0051179;GO:0009987;GO:0000003;GO:0008150,BPO
A0A0B4JCT4,GO:0065007;GO:0032502;GO:0008150,BPO
A0A0B4JCT9,GO:0019953;GO:0022414;GO:0009987;GO:0000003;GO:0008150,BPO
A0A0B4JCU3,GO:0050896;GO:0009987,BPO
A0A0B4JCU7,GO:0040007;GO:0032502;GO:0065007;GO:0050896;GO:0009987;GO:0008150,BPO
A0A0B4JCV3,GO:0050896;GO:0009987,BPO
A0A0B4JCV4,GO:0032501;GO:0019953;GO:0022414;GO:0065007;GO:0051179;GO:0009987;GO:0000003;GO:0008150,BPO
A0A0B4JCV6,GO:0008150,BPO
A0A0B4JCW5,GO:0008150,BPO
A0A0B4JCX2,GO:0065007;GO:0009987,BPO
A0A0B4JCY1,GO:0032501;GO:0065007;GO:0051179;GO:0050896;GO:0009987;GO:0008150,BPO
A0A0B4JCZ2,GO:0048511;GO:0032502;GO:0065007;GO:0051179;GO:0008150,BPO
A0A0B4JCZ8,GO:0019953;GO:0032502;GO:0022414;GO:0065007;GO:0009987;GO:0000003;GO:0008150,BPO
A0A0B4JD00,GO:0032501;GO:0009058;GO:0044238;GO:0042592;GO:0032502;GO:0065007;GO:0071704;GO:0050896;GO:0009987;GO:0008150,BPO
A0A0B4JD03,GO:0032501;GO:0006807;GO:0040007;GO:0032502;GO:0071704;GO:0050896;GO:0009987;GO:0008152;GO:0008150,BPO
A0A0B4JD27,GO:0032501;GO:0009058;GO:0044238;GO:0042592;GO:0032502;GO:0065007;GO:0071704;GO:0050896;GO:0009987;GO:0008150,BPO
A0A0B4JD31,GO:0032501;GO:0009058;GO:0044238;GO:0042592;GO:0032502;GO:0065007;GO:0071704;GO:0050896;GO:0009987;GO:0008150,BPO
A0A0B4JD33,GO:0032501;GO:0006807;GO:0040007;GO:0032502;GO:0071704;GO:0050896;GO:0009987;GO:0008152;GO:0008150,BPO
A0A0B4JD38,GO:0051179;GO:0009987,BPO
A0A0B4JD44,GO:0050896;GO:0009987,BPO
A0A0B4JD47,GO:0019953;GO:0032502;GO:0022414;GO:0065007;GO:0009987;GO:0000003;GO:0008150,BPO
A0A0B4JD53,GO:0040007;GO:0032502;GO:0065007;GO:0050896;GO:0009987;GO:0008150,BPO
A0A0B4JD55,GO:0040011;GO:0032502;GO:0050896;GO:0009987;GO:0008150,BPO
A0A0B4JD62,GO:0008150,BPO
A0A0B4JD68,GO:0051179;GO:0009987,BPO
A0A0B4JD76,GO:0032502;GO:0008150,BPO
A0A0B4JD87,GO:0050896;GO:0009987,BPO
A0A0B4JD97,GO:0032501;GO:0019953;GO:0022414;GO:0065007;GO:0051179;GO:0009987;GO:0000003;GO:0008150,BPO
A0A0B4JDA0,GO:0032501;GO:0065007;GO:0008150,BPO
A0A0B4JDA1,GO:0008150,BPO
A0A0B4JDA7,GO:0040007;GO:0032502;GO:0065007;GO:0050896;GO:0009987;GO:0008150,BPO
A0A0B4JDB5,GO:0008150,BPO
A0A0B4JDB9,GO:0008150,BPO
A0A0B4JDC5,GO:0000003;GO:0008150,BPO
A0A0B4JDC9,GO:0009987;GO:0008150,BPO
A0A0B4JDD0,GO:0019953;GO:0032502;GO:0022414;GO:0009987;GO:0000003;GO:0008150,BPO
A0A0B4JDD2,GO:0032501;GO:0042592;GO:0032502;GO:0065007;GO:0002376;GO:0050896;GO:0009987;GO:0008150,BPO
A0A0B4K5Z8,GO:0032501;GO:0065007;GO:0051179;GO:0009987;GO:0008150,BPO
A0A0B4K620,GO:0065007;GO:0002376;GO:0050896;GO:0008150,BPO
A0A0B4K621,GO:0032501;GO:0065007;GO:0032502;GO:0008150,BPO
A0A0B4K633,GO:0009987;GO:0008150,BPO
A0A0B4K638,GO:0065007;GO:0050896;GO:0008150,BPO
A0A0B4K651,GO:0065007;GO:0051179;GO:0009987;GO:0008150,BPO
A0A0B4K653,GO:0032501;GO:0065007;GO:0032502;GO:0008150,BPO
A0A0B4K657,GO:0032501;GO:0065007;GO:0009987;GO:0008150,BPO
A0A0B4K663,GO:0019953;GO:0032502;GO:0022414;GO:0065007;GO:0009987;GO:0000003;GO:0008150,BPO
A0A0B4K669,GO:0065007;GO:0050896;GO:0008150,BPO
A0A0B4K677,GO:0065007;GO:0032502;GO:0009987;GO:0008150,BPO
A0A0B4K679,GO:0065007;GO:0032502;GO:0009987;GO:0008150,BPO
A0A0B4K682,GO:0032501;GO:0019953;GO:0022414;GO:0051179;GO:0009987;GO:0000003;GO:0008150,BPO
A0A0B4K690,GO:0019953;GO:0032502;GO:0022414;GO:0065007;GO:0009987;GO:0000003;GO:0008150,BPO
A0A0B4K691,GO:0050896;GO:0008150,BPO
A0A0B4K692,GO:0032501;GO:0006807;GO:0022414;GO:0071704;GO:0000003;GO:0008152;GO:0008150,BPO
A0A0B4K697,GO:0032501;GO:0019953;GO:0006807;GO:0044238;GO:0032502;GO:0022414;GO:0065007;GO:0071704;GO:0050896;GO:0009987;GO:0000003;GO:0008150,BPO
A0A0B4K699,GO:0065007;GO:0002376;GO:0050896;GO:0008150,BPO
A0A0B4K6A6,GO:0065007;GO:0050896;GO:0009987;GO:0008150,BPO
A0A0B4K6A8,GO:0050896,BPO
A0A0B4K6A9,GO:0006807;GO:0071704;GO:0009987;GO:0008152;GO:0008150,BPO
A0A0B4K6B1,GO:0065007;GO:0032502;GO:0009987;GO:0008150,BPO
A0A0B4K6B7,GO:0065007;GO:0032502;GO:0009987;GO:0008150,BPO
A0A0B4K6C1,GO:0008150,BPO
A0A0B4K6C7,GO:0065007;GO:0032502;GO:0009987;GO:0008150,BPO
A0A0B4K6D0,GO:0032502;GO:0065007;GO:0051179;GO:0009987;GO:0008150,BPO
A0A0B4K6E2,GO:0065007;GO:0050896;GO:0009987;GO:0008150,BPO
A0A0B4K6E6,GO:0050896;GO:0008150,BPO
A0A0B4K6G3,GO:0065007,BPO
A0A0B4K6G5,GO:0051179;GO:0009987;GO:0008150,BPO
A0A0B4K6H8,GO:0019953;GO:0032502;GO:0022414;GO:0009987;GO:0000003;GO:0008150,BPO
A0A0B4K6I7,GO:0032501;GO:0019953;GO:0022414;GO:0065007;GO:0051179;GO:0009987;GO:0000003;GO:0008150,BPO
A0A0B4K6I8,GO:0019953;GO:0032502;GO:0022414;GO:0065007;GO:0009987;GO:0000003;GO:0008150,BPO
A0A0B4K6J3,GO:0032501;GO:0009058;GO:0044238;GO:0032502;GO:0065007;GO:0071704;GO:0009987;GO:0008152;GO:0008150,BPO
A0A0B4K6K0,GO:0040011;GO:0032502;GO:0050896;GO:0009987;GO:0008150,BPO
A0A0B4K6K8,GO:0019953;GO:0032502;GO:0022414;GO:0065007;GO:0050896;GO:0009987;GO:0000003;GO:0008150,BPO
A0A0B4K6L8,GO:0065007;GO:0032502;GO:0009987;GO:0008150,BPO
A0A0B4K6M2,GO:0065007;GO:0032502;GO:0009987;GO:0008150,BPO
A0A0B4K6N2,GO:0040011;GO:0022414;GO:0000003;GO:0008150,BPO
A0A0B4K6P1,GO:0032501;GO:0065007;GO:0032502;GO:0008150,BPO
A0A0B4K6P4,GO:0032501;GO:0019953;GO:0022414;GO:0065007;GO:0009987;GO:0000003;GO:0008150,BPO
A0A0B4K6Q9,GO:0032501;GO:0040011;GO:0032502;GO:0040007;GO:0065007;GO:0051179;GO:0050896;GO:0009987;GO:0008150,BPO
A0A0B4K6R4,GO:0032501;GO:0040011;GO:0032502;GO:0040007;GO:0065007;GO:0051179;GO:0050896;GO:0009987;GO:0008150,BPO
A0A0B4K6R7,GO:0065007;GO:0050896;GO:0009987;GO:0008150,BPO
A0A0B4K6R8,GO:0032501;GO:0040011;GO:0032502;GO:0040007;GO:0065007;GO:0051179;GO:0050896;GO:0009987;GO:0008150,BPO
A0A0B4K6S2,GO:0032501;GO:0040011;GO:0032502;GO:0040007;GO:0065007;GO:0051179;GO:0050896;GO:0009987;GO:0008150,BPO
A0A0B4K6S8,GO:0065007;GO:0002376;GO:0050896;GO:0008150,BPO
A0A0B4K6T4,GO:0032501;GO:0065007;GO:0051179;GO:0009987;GO:0008150,BPO
A0A0B4K6T9,GO:0032501;GO:0006807;GO:0040007;GO:0032502;GO:0071704;GO:0050896;GO:0009987;GO:0008152;GO:0008150,BPO
A0A0B4K6V0,GO:0065007;GO:0051179;GO:0009987;GO:0008150,BPO
A0A0B4K6W0,GO:0032502;GO:0008150,BPO
A0A0B4K6W6,GO:0032502;GO:0065007;GO:0051179;GO:0009987;GO:0008150,BPO
A0A0B4K6W9,GO:0032501;GO:0019953;GO:0022414;GO:0065007;GO:0009987;GO:0000003;GO:0008150,BPO
A0A0B4K6X6,GO:0019953;GO:0032502;GO:0022414;GO:0009987;GO:0000003;GO:0008150,BPO
A0A0B4K6Y7,GO:0032501;GO:0065007;GO:0009987;GO:0008150,BPO
A0A0B4K6Y9,GO:0032501;GO:0040011;GO:0032502;GO:0040007;GO:0065007;GO:0051179;GO:0050896;GO:0009987;GO:0008150,BPO
A0A0B4K6Z1,GO:0019953;GO:0032502;GO:0022414;GO:0051179;GO:0009987;GO:0000003;GO:0008150,BPO
A0A0B4K6Z3,GO:0032501;GO:0040011;GO:0032502;GO:0040007;GO:0065007;GO:0051179;GO:0050896;GO:0009987;GO:0008150,BPO
A0A0B4K6Z4,GO:0019953;GO:0032502;GO:0022414;GO:0065007;GO:0009987;GO:0000003;GO:0008150,BPO
A0A0B4K6Z6,GO:0032501;GO:0040011;GO:0032502;GO:0040007;GO:0065007;GO:0051179;GO:0050896;GO:0009987;GO:0008150,BPO
A0A0B4K6Z8,GO:0032501;GO:0040011;GO:0032502;GO:0040007;GO:0065007;GO:0051179;GO:0050896;GO:0009987;GO:0008150,BPO
A0A0B4K711,GO:0009058;GO:0006807;GO:0070085;GO:0071704;GO:0008152;GO:0008150,BPO
A0A0B4K718,GO:0032501;GO:0040011;GO:0065007;GO:0050896;GO:0009987;GO:0008150,BPO
A0A0B4K738,GO:0051179;GO:0009987,BPO
A0A0B4K742,GO:0065007;GO:0032502;GO:0009987;GO:0008150,BPO
A0A0B4K753,GO:0051179;GO:0008150,BPO
A0A0B4K756,GO:0065007;GO:0050896;GO:0008150,BPO
A0A0B4K762,GO:0065007;GO:0050896;GO:0009987;GO:0008150,BPO
A0A0B4K765,GO:0032501;GO:0065007;GO:0009987;GO:0008150,BPO
A0A0B4K774,GO:0032501;GO:0019953;GO:0040011;GO:0040007;GO:0022414;GO:0065007;GO:0050896;GO:0009987;GO:0000003;GO:0008150,BPO
A0A0B4K775,GO:0009987,BPO
A0A0B4K788,GO:0032501;GO:0040011;GO:0065007;GO:0050896;GO:0009987;GO:0008150,BPO
A0A0B4K790,GO:0065007;GO:0050896;GO:0009987;GO:0008150,BPO
A0A0B4K7B0,GO:0040011;GO:0032502;GO:0050896;GO:0009987;GO:0008150,BPO
A0A0B4K7C4,GO:0032501;GO:0019953;GO:0006807;GO:0044238;GO:0032502;GO:0022414;GO:0065007;GO:0071704;GO:0050896;GO:0009987;GO:0000003;GO:0008150,BPO
A0A0B4K7C5,GO:0042592;GO:0065007;GO:0032502;GO:0008150,BPO
A0A0B4K7D0,GO:0065007;GO:0050896;GO:0009987;GO:0008150,BPO
A0A0B4K7E1,GO:0065007;GO:0032502;GO:0009987;GO:0008150,BPO
A0A0B4K7E3,GO:0050896;GO:0009987;GO:0008150,BPO
A0A0B4K7E7,GO:0065007;GO:0032502;GO:0009987;GO:0008150,BPO
A0A0B4K7F3,GO:0065007;GO:0032502;GO:0009987;GO:0008150,BPO
A0A0B4K7H4,GO:0019953;GO:0032502;GO:0022414;GO:0065007;GO:0009987;GO:0000003;GO:0008150,BPO
A0A0B4K7H5,GO:0040007;GO:0032502;GO:0065007;GO:0050896;GO:0009987;GO:0008150,BPO
A0A0B4K7H7,GO:0032501;GO:0040011;GO:0032502;GO:0040007;GO:0065007;GO:0051179;GO:0050896;GO:0009987;GO:0008150,BPO
A0A0B4K7H8,GO:0040011;GO:0032502;GO:0050896;GO:0009987;GO:0008150,BPO
A0A0B4K7H9,GO:0032501;GO:0040011;GO:0032502;GO:0040007;GO:0065007;GO:0051179;GO:0050896;GO:0009987;GO:0008150,BPO
A0A0B4K7I2,GO:0040011;GO:0032502;GO:0050896;GO:0009987;GO:0008150,BPO
A0A0B4K7I3,GO:0032501;GO:0040011;GO:0032502;GO:0040007;GO:0065007;GO:0051179;GO:0050896;GO:0009987;GO:0008150,BPO
A0A0B4K7I5,GO:0032501;GO:0040011;GO:0032502;GO:0040007;GO:0065007;GO:0051179;GO:0050896;GO:0009987;GO:0008150,BPO
A0A0B4K7I6,GO:0040011;GO:0032502;GO:0050896;GO:0009987;GO:0008150,BPO
A0A0B4K7J2,GO:0032501;GO:0019953;GO:0022414;GO:0065007;GO:0051179;GO:0050896;GO:0009987;GO:0000003;GO:0008150,BPO
A0A0B4K7J3,GO:0032501;GO:0019953;GO:0022414;GO:0065007;GO:0050896;GO:0009987;GO:0000003;GO:0008150,BPO
A0A0B4K7K9,GO:0032502;GO:0065007;GO:0051179;GO:0009987;GO:0008150,BPO
A0A0B4K7L3,GO:0032502;GO:0008150,BPO
A0A0B4K7M0,GO:0050896;GO:0009987;GO:0008150,BPO
A0A0B4K7N0,GO:0032502;GO:0065007;GO:0051179;GO:0009987;GO:0008150,BPO
A0A0B4K7N1,GO:0040011;GO:0032502;GO:0050896;GO:0009987;GO:0008150,BPO
A0A0B4K7N3,GO:0065007;GO:0022414;GO:0000003;GO:0008150,BPO
A0A0B4K7P1,GO:0032501;GO:0019953;GO:0006807;GO:0044238;GO:0042592;GO:0040007;GO:0032502;GO:0022414;GO:0065007;GO:0071704;GO:0050896;GO:0009987;GO:0000003;GO:0008150,BPO
A0A0B4K7P4,GO:0032501;GO:0065007;GO:0009056;GO:0050896;GO:0009987;GO:0008150,BPO
A0A0B4K7P8,GO:0032501;GO:0040011;GO:0065007;GO:0050896;GO:0009987;GO:0008150,BPO
A0A0B4K7Q3,GO:0032502;GO:0065007;GO:0050896;GO:0009987;GO:0008150,BPO
A0A0B4K7Q6,GO:0032501;GO:0019953;GO:0022414;GO:0065007;GO:0050896;GO:0009987;GO:0000003;GO:0008150,BPO
A0A0B4K7S6,GO:0032501;GO:0009058;GO:0044238;GO:0032502;GO:0065007;GO:0071704;GO:0009987;GO:0008152;GO:0008150,BPO
A0A0B4K7T1,GO:0019953;GO:0032502;GO:0022414;GO:0065007;GO:0009987;GO:0000003;GO:0008150,BPO
A0A0B4K7T4,GO:0032501;GO:0040011;GO:0032502;GO:0040007;GO:0065007;GO:0051179;GO:0050896;GO:0009987;GO:0008150,BPO
A0A0B4K7T5,GO:0032501;GO:0040011;GO:0032502;GO:0040007;GO:0065007;GO:0051179;GO:0050896;GO:0009987;GO:0008150,BPO
A0A0B4K7T6,GO:0032501;GO:0040011;GO:0032502;GO:0040007;GO:0065007;GO:0051179;GO:0050896;GO:0009987;GO:0008150,BPO
A0A0B4K7T7,GO:0032501;GO:0019953;GO:0040007;GO:0022414;GO:0065007;GO:0009987;GO:0000003;GO:0008150,BPO
A0A0B4K7T8,GO:0032501;GO:0040011;GO:0032502;GO:0040007;GO:0065007;GO:0051179;GO:0050896;GO:0009987;GO:0008150,BPO
A0A0B4K7U0,GO:0009987,BPO
A0A0B4K7V8,GO:0065007;GO:0051179;GO:0009987;GO:0008150,BPO
A0A0B4K7W2,GO:0032502;GO:0008150,BPO
A0A0B4K7W3,GO:0040011;GO:0032502;GO:0050896;GO:0009987;GO:0008150,BPO
A0A0B4K7W6,GO:0032501;GO:0009058;GO:0044238;GO:0032502;GO:0065007;GO:0071704;GO:0009987;GO:0008152;GO:0008150,BPO
A0A0B4K7W7,GO:0040011;GO:0032502;GO:0050896;GO:0009987;GO:0008150,BPO
A0A0B4K7X1,GO:0032502;GO:0009987;GO:0008150,BPO
A0A0B4K7Y9,GO:0032501;GO:0040011;GO:0065007;GO:0050896;GO:0009987;GO:0008150,BPO
A0A0B4K7Z0,GO:0040007;GO:0032502;GO:0065007;GO:0009987;GO:0008150,BPO
A0A0B4K822,GO:0019953;GO:0032502;GO:0022414;GO:0065007;GO:0009987;GO:0000003;GO:0008150,BPO
A0A0B4K823,GO:0032501;GO:0040011;GO:0032502;GO:0040007;GO:0065007;GO:0051179;GO:0050896;GO:0009987;GO:0008150,BPO
A0A0B4K824,GO:0032501;GO:0040011;GO:0032502;GO:0040007;GO:0065007;GO:0051179;GO:0050896;GO:0009987;GO:0008150,BPO
A0A0B4K827,GO:0032501;GO:0040011;GO:0032502;GO:0040007;GO:0065007;GO:0051179;GO:0050896;GO:0009987;GO:0008150,BPO
A0A0B4K828,GO:0032501;GO:0040011;GO:0032502;GO:0040007;GO:0065007;GO:0051179;GO:0050896;GO:0009987;GO:0008150,BPO
A0A0B4K843,GO:0065007;GO:0051179;GO:0009987;GO:0008150,BPO
A0A0B4K852,GO:0040011;GO:0032502;GO:0050896;GO:0009987;GO:0008150,BPO
A0A0B4K864,GO:0009987,BPO
A0A0B4K866,GO:0032501;GO:0065007;GO:0051179;GO:0009056;GO:0050896;GO:0009987;GO:0008150,BPO
A0A0B4K867,GO:0032501;GO:0040011;GO:0065007;GO:0050896;GO:0009987;GO:0008150,BPO
A0A0B4K869,GO:0032501;GO:0040011;GO:0065007;GO:0050896;GO:0009987;GO:0008150,BPO
A0A0B4K8A1,GO:0040011;GO:0032502;GO:0050896;GO:0009987;GO:0008150,BPO
A0A0B4K8A2,GO:0040011;GO:0032502;GO:0050896;GO:0009987;GO:0008150,BPO
A0A0B4KED3,GO:0019953;GO:0032502;GO:0022414;GO:0065007;GO:0009987;GO:0000003;GO:0008150,BPO
A0A0B4KED6,GO:0032502;GO:0009987;GO:0008150,BPO
A0A0B4KEE4,GO:0006807;GO:0051179;GO:0071704;GO:0050896;GO:0009987;GO:0008152;GO:0008150,BPO
A0A0B4KEE7,GO:0065007;GO:0050896;GO:0008150,BPO
A0A0B4KEE8,GO:0019953;GO:0032502;GO:0022414;GO:0065007;GO:0009987;GO:0000003;GO:0008150,BPO
A0A0B4KEF4,GO:0032501;GO:0040011;GO:0032502;GO:0040007;GO:0065007;GO:0051179;GO:0050896;GO:0009987;GO:0008150,BPO
A0A0B4KEH2,GO:0065007;GO:0051179;GO:0032502;GO:0008150,BPO
A0A0B4KEH7,GO:0032502;GO:0008150,BPO
A0A0B4KEI1,GO:0042592,BPO
A0A0B4KEI9,GO:0065007;GO:0051179;GO:0032502;GO:0008150,BPO
A0A0B4KEJ0,GO:0065007;GO:0032502;GO:0009987;GO:0008150,BPO
A0A0B4KEJ6,GO:0032502;GO:0008150,BPO
A0A0B4KEJ7,GO:0032502;GO:0050896;GO:0008150,BPO
A0A0B4KEJ9,GO:0051179;GO:0009987,BPO
A0A0B4KEK0,GO:0019953;GO:0032502;GO:0022414;GO:0065007;GO:0009987;GO:0000003;GO:0008150,BPO
A0A0B4KEK1,GO:0040011;GO:0032502;GO:0050896;GO:0009987;GO:0008150,BPO
A0A0B4KEL5,GO:0032502;GO:0009987;GO:0008150,BPO
A0A0B4KEM1,GO:0065007;GO:0032502;GO:0009987;GO:0008150,BPO
A0A0B4KEN4,GO:0032501;GO:0019953;GO:0022414;GO:0065007;GO:0009987;GO:0000003;GO:0008150,BPO
A0A0B4KEN5,GO:0065007;GO:0050896;GO:0009987,BPO
A0A0B4KEP1,GO:0009987;GO:0008150,BPO
A0A0B4KEP9,GO:0065007;GO:0051179;GO:0032502;GO:0008150,BPO
A0A0B4KEQ3,GO:0051179;GO:0009987,BPO
A0A0B4KEQ6,GO:0042592,BPO
A0A0B4KER0,GO:0008150,BPO
A0A0B4KER3,GO:0065007;GO:0009987,BPO
A0A0B4KET9,GO:0040011;GO:0032502;GO:0050896;GO:0009987;GO:0008150,BPO
A0A0B4KEU2,GO:0032501;GO:0040011;GO:0065007;GO:0050896;GO:0009987;GO:0008150,BPO
A0A0B4KEU5,GO:0032502;GO:0050896;GO:0008150,BPO
A0A0B4KEU9,GO:0019953;GO:0032502;GO:0022414;GO:0065007;GO:0009987;GO:0000003;GO:0008150,BPO
A0A0B4KEV0,GO:0040011;GO:0032502;GO:0050896;GO:0009987;GO:0008150,BPO
A0A0B4KEV7,GO:0065007;GO:0051179;GO:0009987;GO:0008150,BPO
A0A0B4KEW6,GO:0032502;GO:0065007;GO:0051179;GO:0009987;GO:0008150,BPO
A0A0B4KEW8,GO:0032502,BPO
A0A0B4KEX6,GO:0040011;GO:0032502;GO:0050896;GO:0009987;GO:0008150,BPO
A0A0B4KEX8,GO:0050896;GO:0009987,BPO
A0A0B4KEX9,GO:0032502;GO:0008150,BPO
A0A0B4KEZ2,GO:0040011;GO:0032502;GO:0050896;GO:0009987;GO:0008150,BPO
A0A0B4KF04,GO:0040011;GO:0032502;GO:0050896;GO:0009987;GO:0008150,BPO
A0A0B4KF06,GO:0009058;GO:0006807;GO:0044238;GO:0071704;GO:0009987;GO:0008152;GO:0008150,BPO
A0A0B4KF12,GO:0065007;GO:0050896;GO:0009987,BPO
A0A0B4KF15,GO:0065007;GO:0050896;GO:0009987;GO:0008150,BPO
A0A0B4KF17,GO:0008150,BPO
A0A0B4KF25,GO:0009987;GO:0008150,BPO
A0A0B4KF30,GO:0032502;GO:0008150,BPO
A0A0B4KF38,GO:0065007;GO:0051179;GO:0009987;GO:0008150,BPO
A0A0B4KF40,GO:0009987;GO:0050896;GO:0008152;GO:0008150,BPO
A0A0B4KF46,GO:0032501;GO:0019953;GO:0006807;GO:0044238;GO:0032502;GO:0022414;GO:0065007;GO:0051179;GO:0009056;GO:0071704;GO:0009987;GO:0000003;GO:0008150,BPO
A0A0B4KF54,GO:0065007,BPO
A0A0B4KF57,GO:0019953;GO:0032502;GO:0022414;GO:0009987;GO:0000003;GO:0008150,BPO
A0A0B4KF62,GO:0065007;GO:0051179;GO:0032502;GO:0008150,BPO
A0A0B4KF69,GO:0032501;GO:0019953;GO:0006807;GO:0032502;GO:0022414;GO:0071704;GO:0009987;GO:0000003;GO:0008152;GO:0008150,BPO
A0A0B4KF71,GO:0006807;GO:0071704;GO:0009987;GO:0008152;GO:0008150,BPO
A0A0B4KF73,GO:0065007;GO:0009987,BPO
A0A0B4KF76,GO:0065007;GO:0032502;GO:0008150,BPO
A0A0B4KF82,GO:0032501;GO:0065007;GO:0051179;GO:0009987;GO:0008150,BPO
A0A0B4KF86,GO:0032501;GO:0050896;GO:0044238;GO:0042592;GO:0032502;GO:0065007;GO:0009056;GO:0071704;GO:0009987;GO:0008150,BPO
A0A0B4KF87,GO:0051179;GO:0009987,BPO
A0A0B4KF88,GO:0065007;GO:0002376;GO:0050896;GO:0008150,BPO
A0A0B4KFA6,GO:0009987;GO:0008150,BPO
A0A0B4KFB7,GO:0065007;GO:0032502;GO:0008150,BPO
A0A0B4KFB8,GO:0006807;GO:0071704;GO:0009987;GO:0008152;GO:0008150,BPO
A0A0B4KFC0,GO:0032501;GO:0065007;GO:0050896;GO:0009987;GO:0008150,BPO
A0A0B4KFC4,GO:0032501;GO:0022414;GO:0065007;GO:0051179;GO:0009987;GO:0000003;GO:0008150,BPO
A0A0B4KFD1,GO:0065007,BPO
A0A0B4KFD2,GO:0065007;GO:0032502;GO:0008150,BPO
A0A0B4KFE1,GO:0040011;GO:0050896,BPO
A0A0B4KFE3,GO:0065007;GO:0032502;GO:0009987;GO:0008150,BPO
A0A0B4KFE4,GO:0032501;GO:0044281;GO:0009058;GO:0044238;GO:0006807;GO:0040011;GO:0032502;GO:0065007;GO:0071704;GO:0050896;GO:0009987;GO:0008150,BPO
A0A0B4KFF4,GO:0032502;GO:0008150,BPO
A0A0B4KFF9,GO:0040011;GO:0032502;GO:0050896;GO:0009987;GO:0008150,BPO
A0A0B4KFH1,GO:0019953;GO:0032502;GO:0022414;GO:0009987;GO:0000003;GO:0008150,BPO
A0A0B4KFJ4,GO:0065007;GO:0051179;GO:0032502;GO:0008150,BPO
A0A0B4KFK1,GO:0032501;GO:0019953;GO:0022414;GO:0065007;GO:0051179;GO:0009987;GO:0000003;GO:0008150,BPO
A0A0B4KFK3,GO:0051179;GO:0009987,BPO
A0A0B4KFK9,GO:0032501;GO:0065007;GO:0051179;GO:0009987;GO:0008150,BPO
A0A0B4KFL3,GO:0065007;GO:0032502;GO:0009987;GO:0008150,BPO
A0A0B4KFL4,GO:0032501;GO:0065007;GO:0032502;GO:0008150,BPO
A0A0B4KFM5,GO:0009987;GO:0008150,BPO
A0A0B4KFP2,GO:0040011;GO:0032502;GO:0050896;GO:0009987;GO:0008150,BPO
A0A0B4KFQ0,GO:0032501;GO:0019953;GO:0050896;GO:0006807;GO:0044238;GO:0032502;GO:0022414;GO:0065007;GO:0009056;GO:0071704;GO:0009987;GO:0000003;GO:0008150,BPO
A0A0B4KFQ3,GO:0019953;GO:0032502;GO:0022414;GO:0065007;GO:0009987;GO:0000003;GO:0008150,BPO
A0A0B4KFQ4,GO:0065007;GO:0032502;GO:0008150,BPO
A0A0B4KFQ5,GO:0032502;GO:0065007;GO:0051179;GO:0009987;GO:0008150,BPO
A0A0B4KFR2,GO:0065007;GO:0009987,BPO
A0A0B4KFR5,GO:0051179;GO:0009987;GO:0008150,BPO
A0A0B4KFR7,GO:0032502;GO:0065007;GO:0051179;GO:0009987;GO:0008150,BPO
A0A0B4KFS6,GO:0008150,BPO
A0A0B4KFU1,GO:0008150,BPO
A0A0B4KFU2,GO:0009987,BPO
A0A0B4KFU6,GO:0065007;GO:0009987;GO:0008150,BPO
A0A0B4KFV0,GO:0065007,BPO
A0A0B4KFX1,GO:0044238;GO:0071704;GO:0009987;GO:0008152;GO:0008150,BPO
A0A0B4KFX4,GO:0009987;GO:0008150,BPO
A0A0B4KFY0,GO:0032501;GO:0006807;GO:0044238;GO:0065007;GO:0009056;GO:0071704;GO:0008150,BPO
A0A0B4KFZ1,GO:0008150,BPO
A0A0B4KFZ5,GO:0051179;GO:0009987,BPO
A0A0B4KFZ6,GO:0032502;GO:0009987;GO:0008150,BPO
A0A0B4KFZ8,GO:0048511;GO:0040011;GO:0032502;GO:0050896;GO:0009987;GO:0008150,BPO
A0A0B4KFZ9,GO:0009987,BPO
A0A0B4KG11,GO:0008150,BPO
A0A0B4KG12,GO:0065007;GO:0009987,BPO
A0A0B4KG14,GO:0019953;GO:0032502;GO:0022414;GO:0009987;GO:0000003;GO:0008150,BPO
A0A0B4KG20,GO:0065007;GO:0009987,BPO
A0A0B4KG24,GO:0009987;GO:0008150,BPO
A0A0B4KG35,GO:0006807;GO:0065007;GO:0071704;GO:0009987;GO:0008152;GO:0008150,BPO
A0A0B4KG38,GO:0040011;GO:0032502;GO:0065007;GO:0050896;GO:0009987;GO:0008150,BPO
A0A0B4KG43,GO:0032501;GO:0065007;GO:0051179;GO:0009987;GO:0008150,BPO
A0A0B4KG50,GO:0032501;GO:0019953;GO:0050896;GO:0006807;GO:0044238;GO:0032502;GO:0022414;GO:0065007;GO:0009056;GO:0071704;GO:0009987;GO:0000003;GO:0008150,BPO
A0A0B4KG59,GO:0032501;GO:0019953;GO:0042592;GO:0040011;GO:0022414;GO:0065007;GO:0050896;GO:0009987;GO:0000003;GO:0008150,BPO
A0A0B4KG60,GO:0006807;GO:0071704;GO:0009987;GO:0008152;GO:0008150,BPO
A0A0B4KG66,GO:0032501;GO:0019953;GO:0022414;GO:0065007;GO:0051179;GO:0050896;GO:0009987;GO:0000003;GO:0008150,BPO
A0A0B4KG70,GO:0009987,BPO
A0A0B4KG75,GO:0065007;GO:0032502;GO:0009987;GO:0008150,BPO
A0A0B4KG76,GO:0009987,BPO
A0A0B4KG87,GO:0065007;GO:0002376;GO:0050896;GO:0009987;GO:0008150,BPO
A0A0B4KG94,GO:0042592,BPO
A0A0B4KGA3,GO:0032502;GO:0009987;GO:0008150,BPO
A0A0B4KGB4,GO:0065007;GO:0032502;GO:0008150,BPO
A0A0B4KGB8,GO:0032502;GO:0008150,BPO
A0A0B4KGD0,GO:0032501;GO:0019953;GO:0022414;GO:0065007;GO:0050896;GO:0009987;GO:0000003;GO:0008150,BPO
A0A0B4KGE5,GO:0009987,BPO
A0A0B4KGF9,GO:0032501;GO:0019953;GO:0006807;GO:0044238;GO:0032502;GO:0022414;GO:0065007;GO:0071704;GO:0009987;GO:0000003;GO:0008150,BPO
A0A0B4KGG5,GO:0019953;GO:0032502;GO:0022414;GO:0009987;GO:0000003;GO:0008150,BPO
A0A0B4KGH4,GO:0032501;GO:0051179;GO:0050896;GO:0008150,BPO
A0A0B4KGI0,GO:0051179,BPO
A0A0B4KGI6,GO:0032501;GO:0065007;GO:0051179;GO:0009987;GO:0008150,BPO
A0A0B4KGJ8,GO:0000003;GO:0008150,BPO
A0A0B4KGK5,GO:0032501;GO:0019953;GO:0006807;GO:0044238;GO:0032502;GO:0022414;GO:0065007;GO:0071704;GO:0009987;GO:0000003;GO:0008150,BPO
A0A0B4KGK7,GO:0009987,BPO
A0A0B4KGK8,GO:0032501;GO:0019953;GO:0006807;GO:0044238;GO:0032502;GO:0022414;GO:0065007;GO:0071704;GO:0009987;GO:0000003;GO:0008150,BPO
A0A0B4KGL0,GO:0032501;GO:0040007;GO:0065007;GO:0051179;GO:0009987;GO:0008150,BPO
A0A0B4KGM2,GO:0065007;GO:0009987;GO:0008150,BPO
A0A0B4KGN9,GO:0065007,BPO
A0A0B4KGP0,GO:0032502;GO:0009987;GO:0008150,BPO
A0A0B4KGP1,GO:0065007;GO:0032502;GO:0008150,BPO
A0A0B4KGQ0,GO:0051179;GO:0009987;GO:0008150,BPO
A0A0B4KGQ2,GO:0065007;GO:0051179;GO:0009987;GO:0008150,BPO
A0A0B4KGQ3,GO:0040007;GO:0032502;GO:0065007;GO:0051179;GO:0009987;GO:0008150,BPO
A0A0B4KGQ6,GO:0065007;GO:0009987,BPO
A0A0B4KGR9,GO:0032501;GO:0019953;GO:0050896;GO:0006807;GO:0044238;GO:0032502;GO:0022414;GO:0065007;GO:0009056;GO:0071704;GO:0009987;GO:0000003;GO:0008150,BPO
A0A0B4KGS4,GO:0006807;GO:0032502;GO:0065007;GO:0071704;GO:0009987;GO:0008152;GO:0008150,BPO
A0A0B4KGU2,GO:0032502;GO:0009987;GO:0008150,BPO
A0A0B4KGU8,GO:0006807;GO:0071704;GO:0009987;GO:0008152;GO:0008150,BPO
A0A0B4KGW2,GO:0032501;GO:0042440;GO:0032502;GO:0009987;GO:0008150,BPO
A0A0B4KGW6,GO:0065007;GO:0032502;GO:0008150,BPO
A0A0B4KGX5,GO:0032501;GO:0032502;GO:0065007;GO:0009056;GO:0050896;GO:0009987;GO:0008150,BPO
A0A0B4KGX7,GO:0019953;GO:0022414;GO:0065007;GO:0009987;GO:0000003;GO:0008150,BPO
A0A0B4KGY6,GO:0008150,BPO
A0A0B4KGY9,GO:0019953;GO:0032502;GO:0022414;GO:0065007;GO:0050896;GO:0009987;GO:0000003;GO:0008150,BPO
A0A0B4KGZ0,GO:0065007;GO:0032502;GO:0009987;GO:0008150,BPO
A0A0B4KGZ9,GO:0065007,BPO
A0A0B4KH08,GO:0065007;GO:0009987;GO:0008150,BPO
A0A0B4KH12,GO:0009987,BPO
A0A0B4KH16,GO:0006807;GO:0044238;GO:0040011;GO:0065007;GO:0051179;GO:0009056;GO:0071704;GO:0009987;GO:0008150,BPO
A0A0B4KH21,GO:0032501;GO:0019953;GO:0006807;GO:0044238;GO:0032502;GO:0022414;GO:0065007;GO:0071704;GO:0009987;GO:0000003;GO:0008150,BPO
A0A0B4KH24,GO:0032501;GO:0019953;GO:0006807;GO:0044238;GO:0032502;GO:0022414;GO:0065007;GO:0071704;GO:0009987;GO:0000003;GO:0008150,BPO
A0A0B4KH28,GO:0032501;GO:0019953;GO:0022414;GO:0065007;GO:0051179;GO:0009987;GO:0000003;GO:0008150,BPO
A0A0B4KH36,GO:0032501;GO:0019953;GO:0050896;GO:0006807;GO:0044238;GO:0032502;GO:0022414;GO:0065007;GO:0009056;GO:0071704;GO:0009987;GO:0000003;GO:0008150,BPO
A0A0B4KH37,GO:0065007;GO:0032502;GO:0009987;GO:0008150,BPO
A0A0B4KH38,GO:0065007,BPO
A0A0B4KH49,GO:0008150,BPO
A0A0B4KH51,GO:0032501;GO:0019953;GO:0040011;GO:0040007;GO:0022414;GO:0065007;GO:0050896;GO:0009987;GO:0000003;GO:0008150,BPO
A0A0B4KH61,GO:0040007;GO:0032502;GO:0065007;GO:0051179;GO:0009987;GO:0008150,BPO
A0A0B4KH64,GO:0032501;GO:0019953;GO:0006807;GO:0044238;GO:0032502;GO:0022414;GO:0051179;GO:0071704;GO:0009987;GO:0000003;GO:0008150,BPO
A0A0B4KH68,GO:0051179;GO:0009987;GO:0008150,BPO
A0A0B4KH70,GO:0065007,BPO
A0A0B4KH77,GO:0032501;GO:0006807;GO:0042592;GO:0032502;GO:0071704;GO:0009987;GO:0008152;GO:0008150,BPO
A0A0B4KH86,GO:0048511;GO:0032502;GO:0065007;GO:0051179;GO:0008150,BPO
A0A0B4KH88,GO:0051179;GO:0009987,BPO
A0A0B4KH92,GO:0032502,BPO
A0A0B4KHB5,GO:0065007,BPO
A0A0B4KHB7,GO:0040011;GO:0032502;GO:0051179;GO:0050896;GO:0009987;GO:0008150,BPO
A0A0B4KHB9,GO:0065007;GO:0051179;GO:0009056;GO:0009987;GO:0008150,BPO
A0A0B4KHC8,GO:0009987;GO:0008150,BPO
A0A0B4KHD0,GO:0065007;GO:0050896;GO:0009987,BPO
A0A0B4KHD2,GO:0032502;GO:0008150,BPO
A0A0B4KHE4,GO:0009058;GO:0006807;GO:0070085;GO:0071704;GO:0008152;GO:0008150,BPO
A0A0B4KHE7,GO:0065007;GO:0050896;GO:0009987;GO:0008150,BPO
A0A0B4KHF0,GO:0051179;GO:0050896;GO:0009987;GO:0008150,BPO
A0A0B4KHF3,GO:0006807;GO:0032502;GO:0065007;GO:0071704;GO:0008152;GO:0008150,BPO
A0A0B4KHG1,GO:0019953;GO:0032502;GO:0022414;GO:0065007;GO:0009987;GO:0000003;GO:0008150,BPO
A0A0B4KHG7,GO:0009987,BPO
A0A0B4KHH7,GO:0042592;GO:0009987;GO:0008150,BPO
A0A0B4KHH8,GO:0032501;GO:0019953;GO:0006807;GO:0044238;GO:0032502;GO:0022414;GO:0065007;GO:0071704;GO:0009987;GO:0000003;GO:0008150,BPO
A0A0B4KHI4,GO:0032501;GO:0019953;GO:0006807;GO:0044238;GO:0032502;GO:0022414;GO:0065007;GO:0071704;GO:0009987;GO:0000003;GO:0008150,BPO
A0A0B4KHJ4,GO:0008150,BPO
A0A0B4KHJ8,GO:0019953;GO:0032502;GO:0022414;GO:0065007;GO:0009987;GO:0000003;GO:0008150,BPO
A0A0B4KHK1,GO:0032501;GO:0019953;GO:0048511;GO:0006807;GO:0044238;GO:0032502;GO:0022414;GO:0065007;GO:0051179;GO:0009056;GO:0071704;GO:0009987;GO:0000003;GO:0008150,BPO
A0A0B4KHK4,GO:0019953;GO:0032502;GO:0022414;GO:0009987;GO:0000003;GO:0008150,BPO
A0A0B4KHL3,GO:0019953;GO:0032502;GO:0022414;GO:0051179;GO:0009987;GO:0000003;GO:0008150,BPO
A0A0B4KHL4,GO:0032501;GO:0019953;GO:0006807;GO:0044238;GO:0032502;GO:0022414;GO:0065007;GO:0071704;GO:0050896;GO:0009987;GO:0000003;GO:0008150,BPO
A0A0B4KHL5,GO:0065007,BPO
A0A0B4KHM3,GO:0008150,BPO
A0A0B4KHN9,GO:0019953;GO:0032502;GO:0022414;GO:0009987;GO:0000003;GO:0008150,BPO
A0A0B4KHP7,GO:0065007;GO:0051179;GO:0009056;GO:0009987;GO:0008150,BPO
A0A0B4KHQ8,GO:0032502;GO:0009987;GO:0008150,BPO
A0A0B4KHS3,GO:0019953;GO:0032502;GO:0022414;GO:0065007;GO:0051179;GO:0009987;GO:0000003;GO:0008150,BPO
A0A0B4KHT0,GO:0009987,BPO
A0A0B4KHT3,GO:0006807;GO:0044238;GO:0040011;GO:0065007;GO:0051179;GO:0009056;GO:0071704;GO:0009987;GO:0008150,BPO
A0A0B4KHT5,GO:0032501;GO:0019953;GO:0006807;GO:0044238;GO:0032502;GO:0022414;GO:0065007;GO:0071704;GO:0009987;GO:0000003;GO:0008150,BPO
A0A0B4KHV1,GO:0008150,BPO
A0A0B4KHV4,GO:0019953;GO:0032502;GO:0022414;GO:0065007;GO:0050896;GO:0009987;GO:0000003;GO:0008150,BPO
A0A0B4KHV7,GO:0008150,BPO
A0A0B4KHX4,GO:0032501;GO:0048511;GO:0040007;GO:0065007;GO:0050896;GO:0009987;GO:0008150,BPO
A0A0B4KHX7,GO:0006807;GO:0065007;GO:0071704;GO:0050896;GO:0009987;GO:0008152;GO:0008150,BPO
A0A0B4KHZ0,GO:0032501;GO:0009058;GO:0044238;GO:0032502;GO:0065007;GO:0071704;GO:0009987;GO:0008152;GO:0008150,BPO
A0A0B4KHZ9,GO:0009987;GO:0032502;GO:0040007;GO:0008150,BPO
A0A0B4KI06,GO:0006807;GO:0032502;GO:0065007;GO:0071704;GO:0008152;GO:0008150,BPO
A0A0B4KI27,GO:0051179;GO:0050896;GO:0009987;GO:0008150,BPO
A0A0B4KI28,GO:0032501;GO:0048511;GO:0040007;GO:0065007;GO:0050896;GO:0009987;GO:0008150,BPO
A0A0B4KI32,GO:0019953;GO:0032502;GO:0022414;GO:0065007;GO:0009987;GO:0000003;GO:0008150,BPO
A0A0B4KI34,GO:0032501;GO:0019953;GO:0022414;GO:0065007;GO:0009987;GO:0000003;GO:0008150,BPO
A0A0B4KI43,GO:0032501;GO:0009058;GO:0044238;GO:0032502;GO:0065007;GO:0071704;GO:0009987;GO:0008152;GO:0008150,BPO
A0A0B4KI44,GO:0051179;GO:0009987;GO:0008150,BPO
A0A0B4KI45,GO:0032502;GO:0009987;GO:0008150,BPO
A0A0B4KI51,GO:0009987,BPO
A0A0B4KI70,GO:0032501;GO:0019953;GO:0006807;GO:0044238;GO:0040007;GO:0032502;GO:0022414;GO:0065007;GO:0071704;GO:0009987;GO:0000003;GO:0008150,BPO
A0A0B4LEG2,GO:0040011;GO:0032502;GO:0050896;GO:0009987;GO:0008150,BPO
A0A0B4LEH1,GO:0032501;GO:0019953;GO:0022414;GO:0009987;GO:0000003;GO:0008150,BPO
A0A0B4LEH9,GO:0032501;GO:0006807;GO:0040007;GO:0032502;GO:0071704;GO:0050896;GO:0009987;GO:0008152;GO:0008150,BPO
A0A0B4LEJ6,GO:0019953;GO:0040011;GO:0032502;GO:0022414;GO:0050896;GO:0009987;GO:0000003;GO:0008150,BPO
A0A0B4LEV4,GO:0051179;GO:0009987,BPO
A0A0B4LEX6,GO:0040011;GO:0032502;GO:0065007;GO:0050896;GO:0009987;GO:0008150,BPO
A0A0B4LEX9,GO:0000003;GO:0008150,BPO
A0A0B4LEY0,GO:0009058;GO:0043473;GO:0042440;GO:0065007;GO:0071704;GO:0009987;GO:0008152;GO:0008150,BPO
A0A0B4LEY2,GO:0065007;GO:0008150,BPO
A0A0B4LEZ3,GO:0032501;GO:0019953;GO:0006807;GO:0044238;GO:0032502;GO:0022414;GO:0065007;GO:0009056;GO:0071704;GO:0009987;GO:0000003;GO:0008150,BPO
A0A0B4LF06,GO:0065007,BPO
A0A0B4LF15,GO:0065007,BPO
A0A0B4LF25,GO:0040007;GO:0032502;GO:0065007;GO:0009987;GO:0008150,BPO
A0A0B4LF29,GO:0032502;GO:0008150,BPO
A0A0B4LF33,GO:0065007;GO:0032502;GO:0009987;GO:0008150,BPO
A0A0B4LF37,GO:0032501;GO:0006807;GO:0032502;GO:0065007;GO:0009056;GO:0071704;GO:0009987;GO:0008152;GO:0008150,BPO
A0A0B4LF43,GO:0050896,BPO
A0A0B4LF49,GO:0065007,BPO
A0A0B4LF50,GO:0044238;GO:0071704;GO:0009987;GO:0008152;GO:0008150,BPO
A0A0B4LF60,GO:0040011;GO:0032502;GO:0065007;GO:0050896;GO:0009987;GO:0008150,BPO
A0A0B4LF79,GO:0065007;GO:0009987,BPO
A0A0B4LF82,GO:0032501;GO:0065007;GO:0032502;GO:0008150,BPO
A0A0B4LF85,GO:0065007;GO:0008150,BPO
A0A0B4LF93,GO:0032501;GO:0065007;GO:0032502;GO:0008150,BPO
A0A0B4LFA2,GO:0032501;GO:0065007;GO:0009987;GO:0008150,BPO
A0A0B4LFA9,GO:0040007;GO:0032502;GO:0065007;GO:0009987;GO:0008150,BPO
A0A0B4LFB8,GO:0065007;GO:0032502;GO:0009987;GO:0008150,BPO
A0A0B4LFC1,GO:0009987;GO:0008150,BPO
A0A0B4LFC7,GO:0032502;GO:0008150,BPO
A0A0B4LFD7,GO:0040011;GO:0032502;GO:0065007;GO:0050896;GO:0009987;GO:0008150,BPO
A0A0B4LFF3,GO:0065007;GO:0009987,BPO
A0A0B4LFF4,GO:0044281;GO:0009058;GO:0044238;GO:0002376;GO:0006807;GO:0051179;GO:0071704;GO:0050896;GO:0009987;GO:0008152;GO:0008150,BPO
A0A0B4LFF8,GO:0032501;GO:0019953;GO:0040007;GO:0022414;GO:0065007;GO:0009987;GO:0000003;GO:0008150,BPO
A0A0B4LFG4,GO:0065007;GO:0009987,BPO
A0A0B4LFH2,GO:0008150,BPO
A0A0B4LFI1,GO:0065007;GO:0009987,BPO
A0A0B4LFI7,GO:0019953;GO:0022414;GO:0065007;GO:0000003;GO:0008150,BPO
A0A0B4LFJ8,GO:0032502;GO:0008150,BPO
A0A0B4LFK8,GO:0032501;GO:0006807;GO:0044238;GO:0065007;GO:0051179;GO:0071704;GO:0050896;GO:0009987;GO:0008152;GO:0008150,BPO
A0A0B4LFL9,GO:0009987,BPO
A0A0B4LFP7,GO:0042592;GO:0032502;GO:0009987;GO:0008150,BPO
A0A0B4LFQ2,GO:0019953;GO:0022414;GO:0009987;GO:0000003;GO:0008150,BPO
A0A0B4LFQ3,GO:0006807;GO:0042592;GO:0065007;GO:0071704;GO:0050896;GO:0009987;GO:0008152;GO:0008150,BPO
A0A0B4LFR4,GO:0002376;GO:0008150,BPO
A0A0B4LFU3,GO:0065007;GO:0032502;GO:0009987;GO:0008150,BPO
A0A0B4LFU9,GO:0051179;GO:0032502;GO:0009987;GO:0008150,BPO
A0A0B4LFV0,GO:0006807;GO:0042592;GO:0065007;GO:0071704;GO:0050896;GO:0009987;GO:0008152;GO:0008150,BPO
A0A0B4LFV9,GO:0032501;GO:0019953;GO:0032502;GO:0022414;GO:0065007;GO:0071704;GO:0050896;GO:0009987;GO:0000003;GO:0008152;GO:0008150,BPO
A0A0B4LFW0,GO:0009987,BPO
A0A0B4LFW6,GO:0051179;GO:0008150,BPO
A0A0B4LFW8,GO:0042592;GO:0032502;GO:0009987;GO:0008150,BPO
A0A0B4LFY9,GO:0065007;GO:0002376;GO:0050896;GO:0009987;GO:0008150,BPO
A0A0B4LG15,GO:0042592;GO:0032502;GO:0009987;GO:0008150,BPO
A0A0B4LG18,GO:0008150,BPO
A0A0B4LG21,GO:0032502;GO:0008150,BPO
A0A0B4LG34,GO:0065007;GO:0032502;GO:0009987;GO:0008150,BPO
A0A0B4LG64,GO:0044238;GO:0071704;GO:0009987;GO:0008152;GO:0008150,BPO
A0A0B4LG73,GO:0050896;GO:0009987,BPO
A0A0B4LG88,GO:0006807;GO:0071704;GO:0009987;GO:0008152;GO:0008150,BPO
A0A0B4LG90,GO:0050896;GO:0009987,BPO
A0A0B4LGA2,GO:0006807;GO:0071704;GO:0009987;GO:0008152;GO:0008150,BPO
A0A0B4LGB0,GO:0032502;GO:0065007;GO:0050896;GO:0009987;GO:0008150,BPO
A0A0B4LGB9,GO:0006807;GO:0071704;GO:0009987;GO:0008152;GO:0008150,BPO
A0A0B4LGD3,GO:0050896;GO:0008150,BPO
A0A0B4LGF3,GO:0065007;GO:0022414;GO:0000003;GO:0008150,BPO
A0A0B4LGF5,GO:0065007;GO:0032502;GO:0009987;GO:0008150,BPO
A0A0B4LGG6,GO:0032501;GO:0065007;GO:0050896;GO:0009987;GO:0008150,BPO
A0A0B4LGJ4,GO:0032502;GO:0008150,BPO
A0A0B4LGJ9,GO:0009987,BPO
A0A0B4LGK0,GO:0065007;GO:0009987,BPO
A0A0B4LGK5,GO:0009987;GO:0008150,BPO
A0A0B4LGM0,GO:0032502;GO:0009987;GO:0008150,BPO
A0A0B4LGM5,GO:0009987;GO:0008150,BPO
A0A0B4LGN7,GO:0009987,BPO
A0A0B4LGQ5,GO:0008150,BPO
A0A0B4LGR1,GO:0006807;GO:0071704;GO:0009987;GO:0008152;GO:0008150,BPO
A0A0B4LGR2,GO:0008150,BPO
A0A0B4LGT2,GO:0050896;GO:0008150,BPO
A0A0B4LGT9,GO:0006807;GO:0071704;GO:0009987;GO:0008152;GO:0008150,BPO
A0A0B4LGV3,GO:0032501;GO:0019953;GO:0032502;GO:0022414;GO:0065007;GO:0071704;GO:0050896;GO:0009987;GO:0000003;GO:0008152;GO:0008150,BPO
A0A0B4LGV6,GO:0009987;GO:0008150,BPO
A0A0B4LGX0,GO:0019953;GO:0022414;GO:0065007;GO:0051179;GO:0009987;GO:0000003;GO:0008150,BPO
A0A0B4LGX5,GO:0050896;GO:0009987;GO:0008150,BPO
A0A0B4LGX6,GO:0009987;GO:0008152;GO:0008150,BPO
A0A0B4LGY0,GO:0040011;GO:0032502;GO:0050896;GO:0009987;GO:0008150,BPO
A0A0B4LGY1,GO:0040011;GO:0032502;GO:0050896;GO:0009987;GO:0008150,BPO
A0A0B4LGY8,GO:0006807;GO:0042592;GO:0065007;GO:0071704;GO:0050896;GO:0009987;GO:0008152;GO:0008150,BPO
A0A0B4LGZ0,GO:0040011;GO:0032502;GO:0050896;GO:0009987;GO:0008150,BPO
A0A0B4LH09,GO:0065007;GO:0008150,BPO
A0A0B4LH20,GO:0008150,BPO
A0A0B4LH21,GO:0065007;GO:0050896;GO:0008150,BPO
A0A0B4LH22,GO:0065007;GO:0050896;GO:0008150,BPO
A0A0B4LH23,GO:0044238;GO:0071704;GO:0009987;GO:0008152;GO:0008150,BPO
A0A0B4LH27,GO:0065007,BPO
A0A0B4LH29,GO:0032502,BPO
A0A0B4LH34,GO:0006807;GO:0071704;GO:0050896;GO:0009987;GO:0008152;GO:0008150,BPO
A0A0B4LH48,GO:0019953;GO:0032502;GO:0022414;GO:0065007;GO:0050896;GO:0009987;GO:0000003;GO:0008150,BPO
A0A0B4LH77,GO:0050896,BPO
A0A0B4LH78,GO:0050896;GO:0008150,BPO
A0A0B4LH79,GO:0065007;GO:0050896;GO:0008150,BPO
A0A0B4LH91,GO:0050896;GO:0009987,BPO
A0A0B4LHB4,GO:0048511;GO:0050896;GO:0008150,BPO
A0A0B4LHD7,GO:0065007;GO:0050896;GO:0009987;GO:0008150,BPO
A0A0B4LHD9,GO:0065007;GO:0050896;GO:0009987;GO:0008150,BPO
A0A0B4LHE0,GO:0050896;GO:0008150,BPO
A0A0B4LHH4,GO:0032502;GO:0065007;GO:0051179;GO:0009987;GO:0008150,BPO
A0A0B4LHI9,GO:0065007;GO:0051179;GO:0032502,BPO
A0A0B4LHM7,GO:0032502;GO:0008150,BPO
A0A0B4LHN5,GO:0006807;GO:0071704;GO:0009987;GO:0008152;GO:0008150,BPO
A0A0B4LHQ4,GO:0008150,BPO
A0A0B4LHR4,GO:0032501;GO:0050896;GO:0009987;GO:0008150,BPO
A0A0B4LHR7,GO:0032502;GO:0009987;GO:0008150,BPO
A0A0B4LHS0,GO:0065007;GO:0022414;GO:0000003;GO:0008150,BPO
A0A0B4LHS3,GO:0032502;GO:0009987;GO:0008150,BPO
A0A0B4LHT4,GO:0032501;GO:0006807;GO:0044238;GO:0032502;GO:0022414;GO:0065007;GO:0071704;GO:0050896;GO:0009987;GO:0000003;GO:0008150,BPO
A0A0B4LHV0,GO:0032502;GO:0009987;GO:0008150,BPO
A0A0B4LHX7,GO:0032501;GO:0019953;GO:0006807;GO:0044238;GO:0032502;GO:0022414;GO:0065007;GO:0051179;GO:0071704;GO:0050896;GO:0009987;GO:0000003;GO:0008150,BPO
A0A0B4LHY0,GO:0006807;GO:0071704;GO:0009987;GO:0008152;GO:0008150,BPO
A0A0B4LHY1,GO:0032501;GO:0019953;GO:0022414;GO:0065007;GO:0009987;GO:0000003;GO:0008150,BPO
A0A0B4LHY5,GO:0032501;GO:0042592;GO:0022414;GO:0050896;GO:0009987;GO:0000003;GO:0008150,BPO
A0A0B4LI09,GO:0040011;GO:0050896,BPO
A0A0B4LI11,GO:0040011;GO:0032502;GO:0050896;GO:0009987;GO:0008150,BPO
A0A0B4LI42,GO:0009987;GO:0008150,BPO
A0A0B4LIA7,GO:0050896,BPO
A0A0B4LID2,GO:0048511;GO:0050896;GO:0008150,BPO
A0A0B4LID7,GO:0006807;GO:0009056;GO:0065007;GO:0071704;GO:0008152;GO:0008150,BPO
A0A0B4LIK5,GO:0006807;GO:0032502;GO:0065007;GO:0071704;GO:0008152;GO:0008150,BPO
A0A0B4LIP5,GO:0065007;GO:0022414;GO:0000003;GO:0008150,BPO
A0A0B4LIS6,GO:0032502;GO:0009987;GO:0008150,BPO
A0A0B4LIT4,GO:0032502;GO:0009987;GO:0008150,BPO
A0A0B4LIU0,GO:0065007,BPO
A0A0B4P4A4,GO:0065007;GO:0032502;GO:0009987;GO:0008150,BPO
A0A0B4P506,GO:0065007;GO:0032502;GO:0009987;GO:0008150,BPO
A0A0B4PIS7,GO:0065007;GO:0032502;GO:0009987;GO:0008150,BPO
A0A0B4U9L8,GO:0008150,BPO
A0A0B5H7U7,GO:0050896;GO:0009987,BPO
A0A0B5KU17,GO:0009058;GO:0019748;GO:0016999;GO:0071704;GO:0009987;GO:0008152;GO:0008150,BPO
A0A0B5KYT4,GO:0009058;GO:0019748;GO:0016999;GO:0071704;GO:0009987;GO:0008152;GO:0008150,BPO
A0A0B5L778,GO:0009058;GO:0019748;GO:0016999;GO:0071704;GO:0009987;GO:0008152;GO:0008150,BPO
A0A0B5L781,GO:0009058;GO:0019748;GO:0016999;GO:0071704;GO:0009987;GO:0008152;GO:0008150,BPO
A0A0B5LB52,GO:0009058;GO:0019748;GO:0016999;GO:0071704;GO:0009987;GO:0008152;GO:0008150,BPO
A0A0B5LB55,GO:0009058;GO:0019748;GO:0016999;GO:0071704;GO:0009987;GO:0008152;GO:0008150,BPO
A0A0B6VRS7,GO:0009987;GO:0008150,BPO
A0A0B7P9G0,GO:0050896;GO:0009987,BPO
A0A0B8R8Z5,GO:0065007,BPO
A0A0B8RZS0,GO:0065007,BPO
A0A0C3VJP4,GO:0050896;GO:0008150,BPO
A0A0C4DHA4,GO:0032502;GO:0009987;GO:0008150,BPO
A0A0C4DHB6,GO:0032502;GO:0009987;GO:0008150,BPO
A0A0C4DHB7,GO:0032501;GO:0009058;GO:0044238;GO:0032502;GO:0065007;GO:0071704;GO:0009987;GO:0008152;GO:0008150,BPO
A0A0C4DHC0,GO:0065007;GO:0009987,BPO
A0A0C4DHC4,GO:0051179;GO:0009987,BPO
A0A0C4DHD5,GO:0040011;GO:0032502;GO:0050896;GO:0009987;GO:0008150,BPO
A0A0C4DHD8,GO:0032501;GO:0040011;GO:0032502;GO:0040007;GO:0065007;GO:0051179;GO:0050896;GO:0009987;GO:0008150,BPO
A0A0C4DHE3,GO:0019953;GO:0022414;GO:0009987;GO:0000003;GO:0008150,BPO
A0A0C4DHF5,GO:0032502;GO:0009987;GO:0008150,BPO
A0A0C4DHF6,GO:0032501;GO:0019953;GO:0042592;GO:0040011;GO:0040007;GO:0022414;GO:0065007;GO:0050896;GO:0009987;GO:0000003;GO:0008150,BPO
A0A0C4DHF9,GO:0008150,BPO
A0A0C4DHH3,GO:0009058;GO:0006807;GO:0071704;GO:0009987;GO:0008152;GO:0008150,BPO
A0A0C4DHN4,GO:0009987,BPO
A0A0C5AQN2,GO:0065007,BPO
A0A0C5B5G6,GO:0032501;GO:0009058;GO:0006807;GO:0040007;GO:0032502;GO:0065007;GO:0071704;GO:0009987;GO:0008150,BPO
A0A0C5CJR8,GO:0044238;GO:0009056;GO:0071704;GO:0008152;GO:0008150,BPO
A0A0C5DM37,GO:0071704;GO:0008152;GO:0008150,BPO
A0A0C5Q4Y6,GO:0044238;GO:0071704;GO:0009987;GO:0008152;GO:0008150,BPO
A0A0C5QRZ2,GO:0044238;GO:0071704;GO:0009987;GO:0008152;GO:0008150,BPO
A0A0C9S461,GO:0008150,BPO
A0A0D1CVX2,GO:0044419,BPO
A0A0D1DWQ2,GO:0065007;GO:0050896;GO:0008150,BPO
A0A0D1E6R6,GO:0044419,BPO
A0A0D2UG83,GO:0008150,BPO
A0A0D3MU50,GO:0008150,BPO
A0A0D3QS98,GO:0006807;GO:0009056;GO:0065007;GO:0071704;GO:0008152;GO:0008150,BPO
A0A0D3QS99,GO:0006807;GO:0009056;GO:0065007;GO:0071704;GO:0008152;GO:0008150,BPO
A0A0D5W690,GO:0065007;GO:0002376;GO:0050896;GO:0009987;GO:0008150,BPO
A0A0D5ZDC8,GO:0009058;GO:0071704;GO:0009987;GO:0008152;GO:0008150,BPO
A0A0D9R447,GO:0065007,BPO
A0A0D9R898,GO:0009987;GO:0008152,BPO
A0A0D9RI63,GO:0008150,BPO
A0A0E0RTV6,GO:0009058;GO:0016999;GO:0071704;GO:0009987;GO:0008152;GO:0008150,BPO
A0A0E0SJI5,GO:0042592;GO:0065007,BPO
A0A0E1R8M9,GO:0065007,BPO
A0A0E2J8L1,GO:0008150,BPO
A0A0E2LMN8,GO:0051703;GO:0009987,BPO
A0A0E3D804,GO:0065007,BPO
A0A0E3T3B5,GO:0050896;GO:0009987,BPO
A0A0E3T552,GO:0050896;GO:0009987,BPO
A0A0E4G213,GO:0051179,BPO
A0A0E8BMW2,GO:0065007,BPO
A0A0F0IP79,GO:0008150,BPO
A0A0F6AXY2,GO:0008150,BPO
A0A0F6B1Q8,GO:0008150,BPO
A0A0F6B2Q8,GO:0065007,BPO
A0A0F6B2Q9,GO:0065007,BPO
A0A0F6B2T8,GO:0065007,BPO
A0A0F6B632,GO:0065007,BPO
A0A0F6B945,GO:0009987,BPO
A0A0F6MY85,GO:0032502;GO:0022414;GO:0065007;GO:0000003;GO:0008150,BPO
A0A0F6QDT7,GO:0002376;GO:0050896;GO:0008150,BPO
A0A0F6QDU1,GO:0002376;GO:0050896;GO:0008150,BPO
A0A0F6QEW3,GO:0002376;GO:0050896;GO:0008150,BPO
A0A0F6QFB8,GO:0065007;GO:0002376;GO:0050896;GO:0008150,BPO
A0A0F6QFC0,GO:0002376;GO:0050896;GO:0008150,BPO
A0A0F6QGK3,GO:0002376;GO:0050896;GO:0008150,BPO
A0A0F7CWL3,GO:0050896;GO:0008150,BPO
A0A0F7EVQ6,GO:0032502;GO:0009987;GO:0008150,BPO
A0A0F7J832,GO:0051703;GO:0009987,BPO
A0A0G2JDI1,GO:0032502;GO:0002376;GO:0009987;GO:0008150,BPO
A0A0G2JDV3,GO:0002376;GO:0050896;GO:0009987;GO:0008150,BPO
A0A0G2JEB6,GO:0019953;GO:0032502;GO:0022414;GO:0009987;GO:0000003;GO:0008150,BPO
A0A0G2JEZ5,GO:0051179;GO:0009987;GO:0008150,BPO
A0A0G2JEZ6,GO:0050896;GO:0008150,BPO
A0A0G2JFL0,GO:0050896,BPO
A0A0G2JFW5,GO:0050896;GO:0009987;GO:0008150,BPO
A0A0G2JFZ4,GO:0050896,BPO
A0A0G2JG46,GO:0032501;GO:0032502;GO:0009987;GO:0008150,BPO
A0A0G2JG85,GO:0051179;GO:0009987;GO:0008150,BPO
A0A0G2JGF3,GO:0050896;GO:0009987;GO:0008150,BPO
A0A0G2JGI9,GO:0009056;GO:0071704;GO:0009987;GO:0008152;GO:0008150,BPO
A0A0G2JGJ5,GO:0032502;GO:0008150,BPO
A0A0G2JSK1,GO:0008150,BPO
A0A0G2JT27,GO:0032502;GO:0050896,BPO
A0A0G2JT64,GO:0044238;GO:0065007;GO:0071704;GO:0009987;GO:0008152;GO:0008150,BPO
A0A0G2JT82,GO:0050896,BPO
A0A0G2JT94,GO:0009987,BPO
A0A0G2JTA5,GO:0065007;GO:0050896;GO:0009987;GO:0008150,BPO
A0A0G2JTB2,GO:0009058;GO:0065007;GO:0071704;GO:0009987;GO:0008152;GO:0008150,BPO
A0A0G2JTB9,GO:0044238;GO:0071704;GO:0009987;GO:0008152;GO:0008150,BPO
A0A0G2JTE7,GO:0050896,BPO
A0A0G2JTH7,GO:0065007;GO:0050896;GO:0008150,BPO
A0A0G2JTI9,GO:0019953;GO:0032502;GO:0022414;GO:0000003;GO:0008150,BPO
A0A0G2JTL4,GO:0032501;GO:0019953;GO:0006807;GO:0044238;GO:0032502;GO:0022414;GO:0065007;GO:0071704;GO:0050896;GO:0009987;GO:0000003;GO:0008150,BPO
A0A0G2JTP1,GO:0065007,BPO
A0A0G2JTU1,GO:0006807;GO:0044238;GO:0065007;GO:0071704;GO:0050896;GO:0008152;GO:0008150,BPO
A0A0G2JTU9,GO:0032501;GO:0019953;GO:0006807;GO:0032502;GO:0022414;GO:0071704;GO:0000003;GO:0008152;GO:0008150,BPO
A0A0G2JTY3,GO:0050896;GO:0008150,BPO
A0A0G2JTY4,GO:0008150,BPO
A0A0G2JTZ2,GO:0032502;GO:0009987;GO:0008150,BPO
A0A0G2JU12,GO:0050896;GO:0008150,BPO
A0A0G2JU33,GO:0065007,BPO
A0A0G2JU49,GO:0065007;GO:0051179;GO:0032502,BPO
A0A0G2JU68,GO:0050896,BPO
A0A0G2JU91,GO:0048511;GO:0032502;GO:0022414;GO:0065007;GO:0051179;GO:0050896;GO:0000003;GO:0008150,BPO
A0A0G2JUD6,GO:0050896;GO:0008150,BPO
A0A0G2JUN9,GO:0065007;GO:0009987,BPO
A0A0G2JUS4,GO:0019953;GO:0032502;GO:0022414;GO:0009987;GO:0000003;GO:0008150,BPO
A0A0G2JUW3,GO:0032502;GO:0008150,BPO
A0A0G2JUY1,GO:0006807;GO:0065007;GO:0071704;GO:0008152;GO:0008150,BPO
A0A0G2JUZ5,GO:0006807;GO:0044238;GO:0009056;GO:0071704;GO:0009987;GO:0008152;GO:0008150,BPO
A0A0G2JV04,GO:0051179;GO:0009987,BPO
A0A0G2JV08,GO:0032501;GO:0006807;GO:0044238;GO:0032259;GO:0032502;GO:0065007;GO:0071704;GO:0050896;GO:0008150,BPO
A0A0G2JV24,GO:0050896;GO:0009987;GO:0008150,BPO
A0A0G2JV56,GO:0065007;GO:0050896;GO:0009987,BPO
A0A0G2JV76,GO:0006807;GO:0071704;GO:0050896;GO:0009987;GO:0008152;GO:0008150,BPO
A0A0G2JV84,GO:0050896;GO:0009987;GO:0008150,BPO
A0A0G2JV86,GO:0050896;GO:0009987;GO:0008150,BPO
A0A0G2JVB8,GO:0019953;GO:0040011;GO:0032502;GO:0022414;GO:0050896;GO:0009987;GO:0000003;GO:0008150,BPO
A0A0G2JVC1,GO:0032501;GO:0006807;GO:0044238;GO:0065007;GO:0071704;GO:0050896;GO:0009987;GO:0008150,BPO
A0A0G2JVD3,GO:0050896;GO:0009987,BPO
A0A0G2JVF0,GO:0065007;GO:0032502;GO:0009987;GO:0008150,BPO
A0A0G2JVI4,GO:0050896,BPO
A0A0G2JVK0,GO:0008150,BPO
A0A0G2JVK6,GO:0032501;GO:0044281;GO:0009058;GO:0044238;GO:0006807;GO:0032502;GO:0022414;GO:0065007;GO:0071704;GO:0050896;GO:0009987;GO:0000003;GO:0008152;GO:0008150,BPO
A0A0G2JVK8,GO:0008150,BPO
A0A0G2JVN3,GO:0065007;GO:0002376;GO:0050896;GO:0009987;GO:0008150,BPO
A0A0G2JVR6,GO:0009987,BPO
A0A0G2JVS9,GO:0065007,BPO
A0A0G2JVT7,GO:0050896;GO:0009987;GO:0008150,BPO
A0A0G2JVU2,GO:0065007,BPO
A0A0G2JVY9,GO:0065007;GO:0050896;GO:0009987;GO:0008150,BPO
A0A0G2JVZ6,GO:0065007;GO:0032502;GO:0009987;GO:0008150,BPO
A0A0G2JW03,GO:0009058;GO:0044238;GO:0032502;GO:0065007;GO:0071704;GO:0050896;GO:0009987;GO:0008150,BPO
A0A0G2JW30,GO:0050896,BPO
A0A0G2JW38,GO:0006807;GO:0044238;GO:0071704;GO:0009987;GO:0008152;GO:0008150,BPO
A0A0G2JW47,GO:0050896,BPO
A0A0G2JW59,GO:0050896;GO:0009987;GO:0008150,BPO
A0A0G2JW67,GO:0065007,BPO
A0A0G2JW74,GO:0050896;GO:0009987,BPO
A0A0G2JW78,GO:0032501;GO:0022414;GO:0065007;GO:0050896;GO:0000003;GO:0008150,BPO
A0A0G2JW94,GO:0009987,BPO
A0A0G2JWG6,GO:0009987,BPO
A0A0G2JWI0,GO:0008150,BPO
A0A0G2JWN9,GO:0008150,BPO
A0A0G2JWP1,GO:0050896,BPO
A0A0G2JWQ0,GO:0009058;GO:0006807;GO:0071704;GO:0009987;GO:0008152;GO:0008150,BPO
A0A0G2JWW8,GO:0044238;GO:0071704;GO:0008152;GO:0008150,BPO
A0A0G2JWX2,GO:0032502;GO:0009987;GO:0008150,BPO
A0A0G2JWX9,GO:0050896;GO:0009987,BPO
A0A0G2JX15,GO:0065007;GO:0009056;GO:0009987;GO:0008150,BPO
A0A0G2JX20,GO:0009987;GO:0008150,BPO
A0A0G2JX26,GO:0051179,BPO
A0A0G2JX78,GO:0044281;GO:0006807;GO:0044238;GO:0071704;GO:0008152;GO:0008150,BPO
A0A0G2JX93,GO:0065007;GO:0050896;GO:0009987;GO:0008150,BPO
A0A0G2JXC5,GO:0008150,BPO
A0A0G2JXD8,GO:0065007;GO:0050896;GO:0009987,BPO
A0A0G2JXE8,GO:0032502;GO:0008150,BPO
A0A0G2JXF2,GO:0042592;GO:0008150,BPO
A0A0G2JXH0,GO:0051179;GO:0008150,BPO
A0A0G2JXH1,GO:0065007;GO:0050896;GO:0009987;GO:0008150,BPO
A0A0G2JXL2,GO:0050896;GO:0009987;GO:0008150,BPO
A0A0G2JXM1,GO:0032502;GO:0008150,BPO
A0A0G2JXM2,GO:0050896,BPO
A0A0G2JXN2,GO:0009987;GO:0008150,BPO
A0A0G2JXV2,GO:0032501;GO:0032502;GO:0022414;GO:0065007;GO:0002376;GO:0050896;GO:0009987;GO:0000003;GO:0008150,BPO
A0A0G2JXZ1,GO:0032502;GO:0009987;GO:0008150,BPO
A0A0G2JY21,GO:0065007;GO:0050896,BPO
A0A0G2JY28,GO:0051179,BPO
A0A0G2JY48,GO:0032501;GO:0032502;GO:0065007;GO:0051179;GO:0050896;GO:0009987;GO:0008150,BPO
A0A0G2JY53,GO:0032502;GO:0008150,BPO
A0A0G2JY81,GO:0032502;GO:0022414;GO:0000003;GO:0008150,BPO
A0A0G2JY83,GO:0009056;GO:0071704;GO:0008152;GO:0008150,BPO
A0A0G2JYE6,GO:0050896;GO:0009987;GO:0008150,BPO
A0A0G2JYI2,GO:0002252;GO:0065007;GO:0050896;GO:0002376;GO:0008150,BPO
A0A0G2JYM8,GO:0019953;GO:0032502;GO:0022414;GO:0065007;GO:0009987;GO:0000003;GO:0008150,BPO
A0A0G2JYR2,GO:0050896;GO:0009987,BPO
A0A0G2JYX8,GO:0032502;GO:0008150,BPO
A0A0G2JYX9,GO:0006807;GO:0044238;GO:0065007;GO:0071704;GO:0050896;GO:0009987;GO:0008152;GO:0008150,BPO
A0A0G2JZ47,GO:0065007;GO:0050896,BPO
A0A0G2JZ56,GO:0032502;GO:0050896;GO:0009987;GO:0008150,BPO
A0A0G2JZ79,GO:0032501;GO:0006807;GO:0044238;GO:0065007;GO:0071704;GO:0050896;GO:0009987;GO:0008150,BPO
A0A0G2JZA1,GO:0040011;GO:0032502;GO:0050896;GO:0009987;GO:0008150,BPO
A0A0G2JZE1,GO:0032502;GO:0022414;GO:0065007;GO:0050896;GO:0009987;GO:0000003;GO:0008150,BPO
A0A0G2JZG4,GO:0032501;GO:0048511;GO:0022414;GO:0065007;GO:0051179;GO:0050896;GO:0009987;GO:0000003;GO:0008150,BPO
A0A0G2JZG6,GO:0008150,BPO
A0A0G2JZH0,GO:0050896,BPO
A0A0G2JZJ1,GO:0050896,BPO
A0A0G2JZL2,GO:0009987;GO:0050896;GO:0008152,BPO
A0A0G2JZM5,GO:0065007;GO:0050896;GO:0009987;GO:0008150,BPO
A0A0G2JZM9,GO:0032502;GO:0071704;GO:0008152;GO:0008150,BPO
A0A0G2JZX5,GO:0008150,BPO
A0A0G2JZX9,GO:0006807;GO:0044238;GO:0009056;GO:0065007;GO:0071704;GO:0009987;GO:0008152;GO:0008150,BPO
A0A0G2K014,GO:0032502,BPO
A0A0G2K016,GO:0050896;GO:0008150,BPO
A0A0G2K052,GO:0050896;GO:0009987;GO:0008150,BPO
A0A0G2K054,GO:0050896;GO:0009987;GO:0008150,BPO
A0A0G2K059,GO:0051179;GO:0009987;GO:0008150,BPO
A0A0G2K069,GO:0032502;GO:0009987;GO:0008150,BPO
A0A0G2K082,GO:0032502;GO:0050896;GO:0009987;GO:0008150,BPO
A0A0G2K095,GO:0051179;GO:0050896;GO:0009987;GO:0008150,BPO
A0A0G2K097,GO:0044281;GO:0006807;GO:0044238;GO:0071704;GO:0008152;GO:0008150,BPO
A0A0G2K0E0,GO:0065007,BPO
A0A0G2K0F5,GO:0009987,BPO
A0A0G2K0H3,GO:0050896;GO:0009987;GO:0008150,BPO
A0A0G2K0J7,GO:0008150,BPO
A0A0G2K0X0,GO:0008150,BPO
